,skeleton_id,treenode_id,parent_node_id,confidence,x,y,z,radius,creator,last_edited,reviewers,tags
0,6195521,6196689,6196688,5,49479.2,74457.2,122850.0,-1.0,albert,2014-04-08 18:03:15+00:00,"['aref', 'akira']",[]
1,6195521,13804384,13804385,5,48142.2,75547.8,123250.0,-1.0,aref,2014-06-25 21:29:05+00:00,"['aref', 'akira']",[]
2,6195521,13776295,13804396,5,47830.6,75475.6,123150.0,-1.0,aref,2014-06-25 21:29:05+00:00,"['aref', 'akira']",[]
3,6195521,13804386,13776295,5,48161.2,75498.4,123150.0,-1.0,aref,2015-04-16 22:58:37+00:00,"['aref', 'akira']",[]
4,6195521,13804396,13804397,5,48461.4,75205.8,123100.0,-1.0,aref,2014-06-25 21:29:05+00:00,"['aref', 'akira']",[]
5,6195521,13804397,13804398,5,48647.6,75057.6,123050.0,-1.0,aref,2014-06-25 21:29:05+00:00,"['aref', 'akira']",[]
6,6195521,13804398,13804399,5,48746.4,74993.0,123000.0,-1.0,aref,2014-06-25 21:29:05+00:00,"['aref', 'akira']",[]
7,6195521,13804399,13804453,5,49164.4,74662.4,122950.0,-1.0,aref,2014-06-25 21:29:05+00:00,"['aref', 'akira']",[]
8,6195521,13804401,13804397,5,47777.4,75794.8,123050.0,-1.0,aref,2015-04-16 23:11:30+00:00,"['aref', 'akira']",[]
9,6195521,13804450,13804449,5,47705.2,75597.2,122850.0,-1.0,aref,2014-06-25 21:29:05+00:00,"['aref', 'akira']",[]
10,6195521,13804449,13804448,5,47723.2,75647.5,122900.0,-1.0,aref,2014-06-25 21:29:05+00:00,"['aref', 'akira']",[]
11,6195521,13804448,13804447,5,47741.3,75697.9,122950.0,-1.0,aref,2014-06-25 21:29:05+00:00,"['aref', 'akira']",[]
12,6195521,13804447,13804401,5,47759.4,75748.2,123000.0,-1.0,aref,2014-06-25 21:29:05+00:00,"['aref', 'akira']",[]
13,6195521,13804451,13804450,5,47644.4,75616.2,122800.0,-1.0,aref,2015-04-16 23:10:13+00:00,[],[]
14,6195521,13776354,13804451,5,47672.9,75525.0,122750.0,-1.0,aref,2014-06-25 21:29:05+00:00,"['aref', 'akira']",[]
15,6195521,13803882,13803883,5,49438.8,76677.4,126100.0,-1.0,aref,2014-06-25 21:29:05+00:00,"['aref', 'akira']",[]
16,6195521,13803946,13803947,5,49568.7,76729.4,125450.0,-1.0,aref,2014-06-25 21:29:05+00:00,"['aref', 'akira']",[]
17,6195521,13803947,13803948,5,49571.0,76697.5,125400.0,-1.0,aref,2014-06-25 21:29:05+00:00,"['aref', 'akira']",[]
18,6195521,13804178,13776013,5,48791.8,75762.5,124100.0,-1.0,aref,2014-06-25 21:29:05+00:00,"['aref', 'akira']",[]
19,6195521,13804227,13804228,5,48671.7,75511.1,123650.0,-1.0,aref,2014-06-25 21:29:05+00:00,"['aref', 'akira']",[]
20,6195521,13804385,13804386,5,48151.7,75525.0,123200.0,-1.0,aref,2014-06-25 21:29:05+00:00,"['aref', 'akira']",[]
21,6195521,13804531,13776354,5,47481.0,75697.9,122700.0,-1.0,aref,2014-06-25 21:35:36+00:00,"['aref', 'akira']",[]
22,6195521,13804532,13804531,5,47481.0,75713.1,122650.0,-1.0,aref,2014-06-25 21:35:38+00:00,"['aref', 'akira']",[]
23,6195521,13804535,13776405,5,47427.8,75694.1,122500.0,-1.0,aref,2014-06-25 21:35:49+00:00,"['aref', 'akira']",[]
24,6195521,13804533,13804532,5,47469.6,75735.9,122600.0,-1.0,aref,2015-04-16 23:09:42+00:00,"['aref', 'akira']",[]
25,6195521,13804536,13804535,5,47450.6,75534.5,122450.0,-1.0,aref,2014-06-25 21:35:50+00:00,"['aref', 'akira']",[]
26,6195521,13804537,13804536,5,47424.0,75530.7,122400.0,-1.0,aref,2014-06-25 21:35:52+00:00,"['aref', 'akira']",[]
27,6195521,13804564,13804531,5,47123.8,76513.0,122700.0,-1.0,aref,2015-04-16 23:22:22+00:00,"['aref', 'akira']",[]
28,6195521,13804565,13804564,5,47066.8,76619.4,122650.0,-1.0,aref,2014-06-25 21:36:33+00:00,"['aref', 'akira']",[]
29,6195521,13804566,13804565,5,47017.4,76672.6,122600.0,-1.0,aref,2014-06-25 21:36:34+00:00,"['aref', 'akira']",[]
30,6195521,13804567,13804566,5,47070.6,76604.2,122550.0,-1.0,aref,2014-06-25 21:36:35+00:00,"['aref', 'akira']",[]
31,6195521,13804606,13804537,5,47399.3,75452.8,122350.0,-1.0,aref,2014-06-25 21:37:02+00:00,"['aref', 'akira']",[]
32,6195521,13804607,13804606,5,47387.9,75414.8,122300.0,-1.0,aref,2014-06-25 21:37:03+00:00,"['aref', 'akira']",[]
33,6195521,13804608,13804607,5,47300.5,75312.2,122250.0,-1.0,aref,2014-06-25 21:37:05+00:00,"['aref', 'akira']",[]
34,6195521,13804609,13804608,5,47300.5,75255.2,122200.0,-1.0,aref,2014-06-25 21:37:06+00:00,"['aref', 'akira']",[]
35,6195521,13804610,13804609,5,47292.9,75209.6,122150.0,-1.0,aref,2014-06-25 21:37:07+00:00,"['aref', 'akira']",[]
36,6195521,13804611,13804610,5,47220.7,75114.6,122100.0,-1.0,aref,2014-06-25 21:37:09+00:00,"['aref', 'akira']",[]
37,6195521,13804612,13804611,5,47197.9,75129.8,122050.0,-1.0,aref,2014-06-25 21:37:10+00:00,"['aref', 'akira']",[]
38,6195521,13804613,13804612,5,47178.9,75122.2,122000.0,-1.0,aref,2014-06-25 21:37:12+00:00,"['aref', 'akira']",[]
39,6195521,13804614,13804613,5,47123.8,75089.9,121950.0,-1.0,aref,2014-06-25 21:37:26+00:00,"['aref', 'akira']",[]
40,6195521,13804615,13804614,5,47013.6,75101.3,121900.0,-1.0,aref,2014-06-25 21:37:28+00:00,"['aref', 'akira']",[]
41,6195521,13804616,13804615,5,47006.0,75067.1,121850.0,-1.0,aref,2014-06-25 21:37:29+00:00,"['aref', 'akira']",[]
42,6195521,13804617,13804616,5,46956.6,75025.3,121800.0,-1.0,aref,2014-06-25 21:37:32+00:00,"['aref', 'akira']",[]
43,6195521,13804618,13804617,5,46918.6,75059.5,121750.0,-1.0,aref,2014-06-25 21:37:33+00:00,"['aref', 'akira']",[]
44,6195521,13804619,13804618,5,46876.8,75093.7,121700.0,-1.0,aref,2014-06-25 21:37:34+00:00,"['aref', 'akira']",[]
45,6195521,13804620,13804619,5,46808.4,75025.3,121650.0,-1.0,aref,2014-06-25 21:37:36+00:00,"['aref', 'akira']",[]
46,6195521,13804621,13804620,5,46800.8,75038.6,121600.0,-1.0,aref,2014-06-25 21:37:45+00:00,"['aref', 'akira']",[]
47,6195521,13804622,13804621,5,46793.2,75051.9,121550.0,-1.0,aref,2014-06-25 21:37:45+00:00,"['aref', 'akira']",[]
48,6195521,13803880,13803881,5,49448.4,76681.8,126200.0,-1.0,aref,2014-06-25 21:29:05+00:00,"['aref', 'akira']",[]
49,6195521,13803881,13803882,5,49443.6,76679.6,126150.0,-1.0,aref,2014-06-25 21:29:05+00:00,"['aref', 'akira']",[]
50,6195521,13803883,13803884,5,49450.1,76713.5,126050.0,-1.0,aref,2014-06-25 21:29:05+00:00,"['aref', 'akira']",[]
51,6195521,13803884,13803885,5,49473.9,76721.0,126000.0,-1.0,aref,2014-06-25 21:29:05+00:00,"['aref', 'akira']",[]
52,6195521,13803885,13803886,5,49497.6,76728.6,125950.0,-1.0,aref,2014-06-25 21:29:05+00:00,"['aref', 'akira']",[]
53,6195521,13803886,13803887,5,49533.8,76704.9,125900.0,-1.0,aref,2014-06-25 21:29:05+00:00,"['aref', 'akira']",[]
54,6195521,13803887,13803889,5,49569.9,76679.2,125850.0,-1.0,aref,2014-06-25 21:29:05+00:00,"['aref', 'akira']",[]
55,6195521,13803889,13803940,5,49580.3,76748.6,125800.0,-1.0,aref,2014-06-25 21:29:05+00:00,"['aref', 'akira']",[]
56,6195521,13803940,13803941,5,49552.8,76759.0,125750.0,-1.0,aref,2014-06-25 21:29:05+00:00,"['aref', 'akira']",[]
57,6195521,13803941,13803942,5,49583.1,76736.2,125700.0,-1.0,aref,2014-06-25 21:29:05+00:00,"['aref', 'akira']",[]
58,6195521,13803942,13803943,5,49576.8,76755.2,125650.0,-1.0,aref,2014-06-25 21:29:05+00:00,"['aref', 'akira']",[]
59,6195521,13803943,13803944,5,49570.5,76774.2,125600.0,-1.0,aref,2014-06-25 21:29:05+00:00,"['aref', 'akira']",[]
60,6195521,13803944,13803945,5,49564.1,76793.2,125550.0,-1.0,aref,2014-06-25 21:29:05+00:00,"['aref', 'akira']",[]
61,6195521,13803945,13803946,5,49566.4,76761.3,125500.0,-1.0,aref,2014-06-25 21:29:05+00:00,"['aref', 'akira']",[]
62,6195521,13803948,13803949,5,49573.3,76665.6,125350.0,-1.0,aref,2014-06-25 21:29:05+00:00,"['aref', 'akira']",[]
63,6195521,13803949,13803991,5,49476.8,76656.5,125300.0,-1.0,aref,2014-06-25 21:29:05+00:00,"['aref', 'akira']",[]
64,6195521,13803991,13803994,5,49459.6,76582.4,125250.0,-1.0,aref,2014-06-25 21:29:05+00:00,"['aref', 'akira']",[]
65,6195521,13803994,13803995,5,49345.6,76609.0,125200.0,-1.0,aref,2014-06-25 21:29:05+00:00,"['aref', 'akira']",[]
66,6195521,13803995,13803997,5,49379.9,76555.8,125150.0,-1.0,aref,2014-06-25 21:29:05+00:00,"['aref', 'akira']",[]
67,6195521,13803997,13803998,5,49459.6,76567.1,125100.0,-1.0,aref,2014-06-25 21:29:05+00:00,"['aref', 'akira']",[]
68,6195521,13803998,13776790,5,49395.1,76552.0,125050.0,-1.0,aref,2014-06-25 21:29:05+00:00,"['aref', 'akira']",[]
69,6195521,13776790,13804000,5,49227.1,76608.0,125000.0,-1.0,aref,2015-04-14 20:49:26+00:00,"['aref', 'akira']",[]
70,6195521,13804000,13804005,5,49258.2,76449.4,124950.0,-1.0,aref,2014-06-25 21:29:05+00:00,"['aref', 'akira']",[]
71,6195521,13804001,13776790,5,49042.8,77060.2,125000.0,-1.0,aref,2014-06-25 21:29:05+00:00,"['aref', 'akira']",[]
72,6195521,13804002,13804001,5,49041.6,77053.5,124950.0,-1.0,aref,2014-06-25 21:29:05+00:00,"['aref', 'akira']",[]
73,6195521,13804003,13804002,5,48973.2,77201.8,124900.0,-1.0,aref,2014-06-25 21:29:05+00:00,"['aref', 'akira']",[]
74,6195521,13804004,13804003,5,48927.6,77304.4,124850.0,-1.0,aref,2014-06-25 21:29:05+00:00,"['aref', 'akira']",[]
75,6195521,13804005,13804006,5,49288.6,76358.1,124900.0,-1.0,aref,2014-06-25 21:29:05+00:00,"['aref', 'akira']",[]
76,6195521,13804006,13804027,5,49288.6,76274.5,124850.0,-1.0,aref,2014-06-25 21:29:05+00:00,"['aref', 'akira']",[]
77,6195521,13804027,13804036,5,49222.1,76219.5,124800.0,-1.0,aref,2014-06-25 21:29:05+00:00,"['aref', 'akira']",[]
78,6195521,13804036,13804037,5,49218.4,76166.2,124750.0,-1.0,aref,2014-06-25 21:29:05+00:00,"['aref', 'akira']",[]
79,6195521,13804037,13776602,5,49214.6,76113.0,124700.0,-1.0,aref,2014-06-25 21:29:05+00:00,"['aref', 'akira']",[]
80,6195521,13776602,13804052,5,49107.4,76013.3,124650.0,-1.0,aref,2014-06-25 21:29:05+00:00,"['aref', 'akira']",[]
81,6195521,13804052,13804117,5,49073.9,75987.6,124600.0,-1.0,aref,2014-06-25 21:29:05+00:00,"['aref', 'akira']",[]
82,6195521,13804117,13804118,5,49098.6,76012.4,124550.0,-1.0,aref,2014-06-25 21:29:05+00:00,"['aref', 'akira']",[]
83,6195521,13804118,13775913,5,48984.6,75928.8,124500.0,-1.0,aref,2014-06-25 21:29:05+00:00,"['aref', 'akira']",[]
84,6195521,13775913,13804153,5,49046.6,75832.8,124450.0,-1.0,aref,2014-06-25 21:29:05+00:00,"['aref', 'akira']",[]
85,6195521,13775793,13803880,5,49453.2,76684.0,126250.0,-1.0,aref,2014-06-25 21:29:05+00:00,"['aref', 'akira']",[]
86,6195521,13804153,13804155,5,48992.2,75887.0,124400.0,-1.0,aref,2014-06-25 21:29:05+00:00,"['aref', 'akira']",[]
87,6195521,13804155,13804156,5,48980.9,75830.0,124350.0,-1.0,aref,2014-06-25 21:29:05+00:00,"['aref', 'akira']",[]
88,6195521,13804156,13804157,5,48916.2,75826.1,124300.0,-1.0,aref,2014-06-25 21:29:05+00:00,"['aref', 'akira']",[]
89,6195521,13804157,13804158,5,48916.2,75803.4,124250.0,-1.0,aref,2014-06-25 21:29:05+00:00,"['aref', 'akira']",[]
90,6195521,13804158,13804159,5,48927.6,75773.0,124200.0,-1.0,aref,2014-06-25 21:29:05+00:00,"['aref', 'akira']",[]
91,6195521,13804159,13804178,5,48874.4,75757.8,124150.0,-1.0,aref,2014-06-25 21:29:05+00:00,"['aref', 'akira']",[]
92,6195521,13804181,13804183,5,48774.7,75705.5,124000.0,-1.0,aref,2014-06-25 21:29:05+00:00,"['aref', 'akira']",[]
93,6195521,13804183,13804187,5,48770.9,75678.9,123950.0,-1.0,aref,2014-06-25 21:29:05+00:00,"['aref', 'akira']",[]
94,6195521,13804187,13776044,5,48824.1,75694.1,123900.0,-1.0,aref,2014-06-25 21:29:05+00:00,"['aref', 'akira']",[]
95,6195521,13804191,13804224,5,48583.9,75641.9,123800.0,-1.0,aref,2014-06-25 21:29:05+00:00,"['aref', 'akira']",[]
96,6195521,13804195,13804191,5,48320.8,76171.0,123800.0,-1.0,aref,2014-06-25 21:29:05+00:00,"['aref', 'akira']",[]
97,6195521,13804197,13804195,5,48263.8,75863.2,123850.0,-1.0,aref,2014-06-25 21:29:05+00:00,"['aref', 'akira']",[]
98,6195521,13804198,13804197,5,48332.2,76304.0,123900.0,-1.0,aref,2014-06-25 21:29:05+00:00,"['aref', 'akira']",[]
99,6195521,13804199,13804198,5,48358.8,76288.8,123950.0,-1.0,aref,2014-06-25 21:29:05+00:00,"['aref', 'akira']",[]
100,6195521,13804224,13804226,5,48704.6,75551.6,123750.0,-1.0,aref,2014-06-25 21:29:05+00:00,"['aref', 'akira']",[]
101,6195521,13804228,13776128,5,48655.2,75490.8,123600.0,-1.0,aref,2015-04-16 22:58:25+00:00,"['aref', 'akira']",[]
102,6195521,13804226,13804227,5,48688.1,75531.3,123700.0,-1.0,aref,2014-06-25 21:29:05+00:00,"['aref', 'akira']",[]
103,6195521,13776013,13804181,5,48801.5,75690.3,124050.0,-1.0,aref,2014-06-25 21:29:05+00:00,"['aref', 'akira']",[]
104,6195521,13776044,13804191,5,48679.9,75348.3,123850.0,-1.0,aref,2014-06-25 21:29:05+00:00,"['aref', 'akira']",[]
105,6195521,13804299,13804300,5,48453.8,75430.0,123500.0,-1.0,aref,2014-06-25 21:29:05+00:00,"['aref', 'akira']",[]
106,6195521,13804300,13804301,5,48472.8,75373.0,123450.0,-1.0,aref,2014-06-25 21:29:05+00:00,"['aref', 'akira']",[]
107,6195521,13804301,13804302,5,48442.4,75354.0,123400.0,-1.0,aref,2014-06-25 21:29:05+00:00,"['aref', 'akira']",[]
108,6195521,13804302,13804303,5,48412.0,75335.0,123350.0,-1.0,aref,2014-06-25 21:29:05+00:00,"['aref', 'akira']",[]
109,6195521,13804303,13804384,5,48393.0,75293.2,123300.0,-1.0,aref,2014-06-25 21:29:05+00:00,[],[]
110,6195521,13776128,13804299,5,48370.2,75621.9,123550.0,-1.0,aref,2014-06-25 21:29:05+00:00,"['aref', 'akira']",[]
111,6195521,14783670,6195719,5,46675.4,65195.3,118150.0,-1.0,aref,2014-08-13 19:10:24+00:00,"['aref', 'akira']",[]
112,6195521,14783671,14783670,5,46681.1,65178.9,118100.0,-1.0,aref,2014-08-13 19:10:24+00:00,"['aref', 'akira']",[]
113,6195521,14783672,14783671,5,46686.8,65162.4,118050.0,-1.0,aref,2014-08-13 19:10:24+00:00,"['aref', 'akira']",[]
114,6195521,14784234,14784233,5,40899.4,64250.4,118750.0,-1.0,aref,2014-08-13 19:18:47+00:00,"['aref', 'akira']",[]
115,6195521,14782351,14782298,5,49377.2,76634.6,127400.0,-1.0,aref,2014-08-13 18:46:01+00:00,"['aref', 'akira']",[]
116,6195521,14783673,14783672,5,46713.4,65143.4,118000.0,-1.0,aref,2014-08-13 19:10:25+00:00,"['aref', 'akira']",[]
117,6195521,14783674,14783673,5,46835.0,65189.0,117950.0,-1.0,aref,2014-08-13 19:10:26+00:00,"['aref', 'akira']",[]
118,6195521,14782066,14782052,5,49618.5,76828.4,126550.0,-1.0,aref,2014-08-13 18:44:37+00:00,"['aref', 'akira']",[]
119,6195521,14782356,14782351,5,49354.4,76585.2,127450.0,-1.0,aref,2014-08-13 18:46:03+00:00,"['aref', 'akira']",[]
120,6195521,2754293,14783674,5,46781.8,65086.4,117900.0,-1.0,osman,2014-08-13 19:10:29+00:00,"['aref', 'akira']",[]
121,6195521,14782357,14782356,5,49354.4,76554.8,127500.0,-1.0,aref,2014-08-13 18:46:04+00:00,"['aref', 'akira']",[]
122,6195521,14782359,14782357,5,49407.6,76520.6,127550.0,-1.0,aref,2014-08-13 18:46:07+00:00,"['aref', 'akira']",[]
123,6195521,14783689,2754293,5,46911.0,65128.2,117850.0,-1.0,aref,2014-08-13 19:10:34+00:00,"['aref', 'akira']",[]
124,6195521,14783696,14783689,5,46816.0,65063.6,117800.0,-1.0,aref,2014-08-13 19:10:35+00:00,"['aref', 'akira']",[]
125,6195521,14784260,14784234,5,40861.4,64201.0,118800.0,-1.0,aref,2014-08-13 19:18:51+00:00,"['aref', 'akira']",[]
126,6195521,14782410,14782359,5,49438.0,76364.8,127600.0,-1.0,aref,2014-08-13 18:46:14+00:00,"['aref', 'akira']",[]
127,6195521,13846752,14782410,5,49536.8,76231.8,127650.0,-1.0,akira,2014-08-13 18:46:19+00:00,"['aref', 'akira']",[]
128,6195521,14783710,14783696,5,46648.8,65063.6,117750.0,-1.0,aref,2014-08-13 19:10:38+00:00,"['aref', 'akira']",[]
129,6195521,14782419,13846752,5,49434.2,76273.6,127700.0,-1.0,aref,2014-08-13 18:46:26+00:00,"['aref', 'akira']",[]
130,6195521,14782141,14782066,5,49639.4,76828.4,126600.0,-1.0,aref,2014-08-13 18:44:58+00:00,"['aref', 'akira']",[]
131,6195521,14782437,14782419,5,49483.6,76425.6,127750.0,-1.0,aref,2014-08-13 18:46:33+00:00,"['aref', 'akira']",[]
132,6195521,14782143,14782141,5,49609.0,76820.8,126650.0,-1.0,aref,2014-08-13 18:45:01+00:00,"['aref', 'akira']",[]
133,6195521,14782440,14782437,5,49438.0,76497.8,127800.0,-1.0,aref,2014-08-13 18:46:34+00:00,"['aref', 'akira']",[]
134,6195521,14784283,14784260,5,41013.4,64261.8,118850.0,-1.0,aref,2014-08-13 19:19:00+00:00,"['aref', 'akira']",[]
135,6195521,14782448,14782440,5,49460.8,76744.8,127850.0,-1.0,aref,2014-08-13 18:46:35+00:00,"['aref', 'akira']",[]
136,6195521,14783756,14783710,5,46859.7,65010.4,117700.0,-1.0,aref,2014-08-13 19:10:52+00:00,"['aref', 'akira']",['ends']
137,6195521,14782449,14782448,5,49487.4,76877.8,127900.0,-1.0,aref,2014-08-13 18:46:37+00:00,"['aref', 'akira']",[]
138,6195521,14782456,14782449,5,49453.2,76896.8,127950.0,-1.0,aref,2014-08-13 18:46:38+00:00,"['aref', 'akira']",[]
139,6195521,14782457,14782456,5,49453.2,76889.2,128000.0,-1.0,aref,2014-08-13 18:46:39+00:00,"['aref', 'akira']",[]
140,6195521,14782178,14782143,5,49565.3,76748.6,126700.0,-1.0,aref,2014-08-13 18:45:09+00:00,"['aref', 'akira']",[]
141,6195521,14782179,14782178,5,49515.9,76695.4,126750.0,-1.0,aref,2014-08-13 18:45:11+00:00,"['aref', 'akira']",[]
142,6195521,14782459,14782457,5,49468.4,76896.8,128050.0,-1.0,aref,2014-08-13 18:46:41+00:00,"['aref', 'akira']",[]
143,6195521,14782460,14782459,5,49483.6,76904.4,128100.0,-1.0,aref,2014-08-13 18:46:41+00:00,"['aref', 'akira']",[]
144,6195521,14782181,14782179,5,49538.7,76695.4,126800.0,-1.0,aref,2014-08-13 18:45:12+00:00,"['aref', 'akira']",[]
145,6195521,14782462,14782460,5,49479.8,76953.8,128150.0,-1.0,aref,2014-08-13 18:46:42+00:00,"['aref', 'akira']",[]
146,6195521,14784337,14784283,5,40869.0,64208.6,118900.0,-1.0,aref,2014-08-13 19:19:01+00:00,"['aref', 'akira']",[]
147,6195521,14782183,14782181,5,49607.1,76680.2,126850.0,-1.0,aref,2014-08-13 18:50:04+00:00,"['aref', 'akira']",[]
148,6195521,14782929,13804199,5,48385.4,76334.4,124000.0,-1.0,aref,2014-08-13 18:55:17+00:00,"['aref', 'akira']",[]
149,6195521,14784338,14784337,5,40565.0,64197.2,118950.0,-1.0,aref,2014-08-13 19:19:02+00:00,"['aref', 'akira']",[]
150,6195521,14782184,14782183,5,49527.3,76577.6,126900.0,-1.0,aref,2014-08-13 18:45:14+00:00,"['aref', 'akira']",[]
151,6195521,14782930,14782929,5,48423.4,76383.8,124050.0,-1.0,aref,2014-08-13 18:55:18+00:00,"['aref', 'akira']",[]
152,6195521,14783812,14783759,5,47826.8,65812.2,118000.0,-1.0,aref,2014-08-13 19:11:54+00:00,[],[]
153,6195521,14784339,14784338,5,40458.6,64292.2,119000.0,-1.0,aref,2014-08-13 19:19:03+00:00,"['aref', 'akira']",[]
154,6195521,14782472,14782462,5,49428.5,76980.4,128200.0,-1.0,aref,2014-08-13 18:46:44+00:00,"['aref', 'akira']",[]
155,6195521,14782473,14782472,5,49377.2,77007.0,128250.0,-1.0,aref,2014-08-13 18:46:44+00:00,"['aref', 'akira']",[]
156,6195521,14782186,14782184,5,49424.7,76539.6,126950.0,-1.0,aref,2014-08-13 18:45:15+00:00,"['aref', 'akira']",[]
157,6195521,14782474,14782473,5,49377.2,77064.0,128300.0,-1.0,aref,2014-08-13 18:46:45+00:00,"['aref', 'akira']",[]
158,6195521,14782932,14782930,5,48412.0,76505.4,124100.0,-1.0,aref,2014-08-13 18:55:25+00:00,"['aref', 'akira']",[]
159,6195521,14784340,14784339,5,40466.2,64296.0,119050.0,-1.0,aref,2014-08-13 19:19:04+00:00,"['aref', 'akira']",[]
160,6195521,14782188,14782186,5,49439.9,76534.9,127000.0,-1.0,aref,2014-08-13 18:45:19+00:00,"['aref', 'akira']",[]
161,6195521,14782189,14782188,5,49455.1,76530.1,127050.0,-1.0,aref,2014-08-13 18:45:19+00:00,"['aref', 'akira']",[]
162,6195521,14782190,14782189,5,49470.3,76525.4,127100.0,-1.0,aref,2014-08-13 18:45:19+00:00,"['aref', 'akira']",[]
163,6195521,14782934,14782932,5,48408.2,76551.0,124150.0,-1.0,aref,2014-08-13 18:55:27+00:00,"['aref', 'akira']",[]
164,6195521,14783814,14783812,5,47900.9,65869.2,117950.0,-1.0,aref,2014-08-13 19:11:59+00:00,"['aref', 'akira']",[]
165,6195521,14784341,14784340,5,40504.2,64303.6,119100.0,-1.0,aref,2014-08-13 19:19:04+00:00,"['aref', 'akira']",[]
166,6195521,14782477,14782474,5,49343.0,77102.0,128350.0,-1.0,aref,2014-08-13 18:46:46+00:00,"['aref', 'akira']",[]
167,6195521,14782935,14782934,5,48412.0,76585.2,124200.0,-1.0,aref,2014-08-13 18:55:28+00:00,"['aref', 'akira']",[]
168,6195521,14783815,14783814,5,47946.5,65793.2,117900.0,-1.0,aref,2014-08-13 19:12:00+00:00,"['aref', 'akira']",[]
169,6195521,14784342,14784341,5,40572.6,64273.2,119150.0,-1.0,aref,2014-08-13 19:19:06+00:00,"['aref', 'akira']",[]
170,6195521,14782478,14782477,5,49331.6,77238.8,128400.0,-1.0,aref,2014-08-13 18:46:48+00:00,"['aref', 'akira']",[]
171,6195521,14782936,14782935,5,48385.4,76608.0,124250.0,-1.0,aref,2014-08-13 18:55:29+00:00,"['aref', 'akira']",[]
172,6195521,14784343,14784342,5,40576.4,64261.8,119200.0,-1.0,aref,2014-08-13 19:19:07+00:00,"['aref', 'akira']",['ends']
173,6195521,14782937,14782936,5,48431.0,76627.0,124300.0,-1.0,aref,2014-08-13 18:55:30+00:00,"['aref', 'akira']",[]
174,6195521,14782481,14782478,5,49344.9,77140.0,128450.0,-1.0,aref,2014-08-13 18:46:52+00:00,"['aref', 'akira']",[]
175,6195521,14782939,14782937,5,48389.2,76691.6,124350.0,-1.0,aref,2014-08-13 18:55:31+00:00,"['aref', 'akira']",[]
176,6195521,14782483,14782481,5,49382.9,77117.2,128500.0,-1.0,aref,2014-08-13 18:46:53+00:00,"['aref', 'akira']",[]
177,6195521,14782484,14782483,5,49390.5,77210.3,128550.0,-1.0,aref,2014-08-13 18:46:56+00:00,"['aref', 'akira']",[]
178,6195521,14782485,14782484,5,49398.1,77303.4,128600.0,-1.0,aref,2014-08-13 18:46:56+00:00,"['aref', 'akira']",[]
179,6195521,14782940,14782939,5,48396.8,76741.0,124400.0,-1.0,aref,2014-08-13 18:55:34+00:00,"['aref', 'akira']",[]
180,6195521,14782486,14782485,5,49363.9,77345.2,128650.0,-1.0,aref,2014-08-13 18:46:57+00:00,"['aref', 'akira']",[]
181,6195521,14783838,14783815,5,47904.7,65808.4,117850.0,-1.0,aref,2014-08-13 19:12:04+00:00,"['aref', 'akira']",[]
182,6195521,14782942,14782940,5,48343.6,76805.6,124450.0,-1.0,aref,2014-08-13 18:55:36+00:00,"['aref', 'akira']",[]
183,6195521,14783839,14783838,5,47881.9,65831.2,117800.0,-1.0,aref,2014-08-13 19:12:07+00:00,"['aref', 'akira']",['ends']
184,6195521,14782488,14782486,5,49390.5,77257.8,128700.0,-1.0,aref,2014-08-13 18:46:58+00:00,"['aref', 'akira']",[]
185,6195521,14782943,14782942,5,48366.4,76847.4,124500.0,-1.0,aref,2014-08-13 18:55:37+00:00,"['aref', 'akira']",[]
186,6195521,14782489,14782488,5,49420.9,77170.4,128750.0,-1.0,aref,2014-08-13 18:47:00+00:00,"['aref', 'akira']",[]
187,6195521,14782490,14782489,5,49420.9,77288.2,128800.0,-1.0,aref,2014-08-13 18:47:01+00:00,"['aref', 'akira']",['ends']
188,6195521,14782945,14782943,5,48385.4,76896.8,124550.0,-1.0,aref,2014-08-13 18:55:38+00:00,"['aref', 'akira']",['ends']
189,6195521,14782291,14782191,5,49384.8,76520.6,127200.0,-1.0,aref,2014-08-13 18:45:49+00:00,"['aref', 'akira']",[]
190,6195521,14782292,14782291,5,49354.4,76634.6,127250.0,-1.0,aref,2014-08-13 18:45:51+00:00,"['aref', 'akira']",[]
191,6195521,14782293,14782292,5,49373.4,76600.4,127300.0,-1.0,aref,2014-08-13 18:45:52+00:00,"['aref', 'akira']",[]
192,6195521,14782298,14782293,5,49422.8,76589.0,127350.0,-1.0,aref,2015-04-16 22:48:38+00:00,"['aref', 'akira']",[]
193,6195521,14782039,13775793,5,49493.1,76744.8,126300.0,-1.0,aref,2014-08-13 18:44:25+00:00,"['aref', 'akira']",[]
194,6195521,14782046,14782039,5,49508.3,76817.0,126350.0,-1.0,aref,2014-08-13 18:44:26+00:00,"['aref', 'akira']",[]
195,6195521,14782047,14782046,5,49546.3,76851.2,126400.0,-1.0,aref,2014-08-13 18:44:27+00:00,"['aref', 'akira']",[]
196,6195521,14782048,14782047,5,49553.9,76809.4,126450.0,-1.0,aref,2014-08-13 18:44:28+00:00,"['aref', 'akira']",[]
197,6195521,14782052,14782048,5,49580.5,76786.6,126500.0,-1.0,aref,2014-08-13 18:44:32+00:00,"['aref', 'akira']",[]
198,6195521,14784233,6195898,5,40990.6,64406.2,118700.0,-1.0,aref,2014-08-13 19:18:46+00:00,"['aref', 'akira']",[]
199,6195521,14784747,6197478,5,49388.6,74727.0,116600.0,-1.0,aref,2014-08-13 19:37:47+00:00,"['aref', 'akira']",[]
200,6195521,14784748,14784747,5,49403.8,74700.4,116650.0,-1.0,aref,2014-08-13 19:37:49+00:00,"['aref', 'akira']",[]
201,6195521,14784775,14784748,5,49346.8,74765.0,116700.0,-1.0,aref,2014-08-13 19:37:54+00:00,"['aref', 'akira']",[]
202,6195521,14784776,14784775,5,49316.4,74689.0,116750.0,-1.0,aref,2014-08-13 19:38:05+00:00,"['aref', 'akira']",[]
203,6195521,14784826,14784776,5,49270.8,74605.4,116800.0,-1.0,aref,2014-08-13 19:40:04+00:00,"['aref', 'akira']",[]
204,6195521,14784827,14784826,5,49278.4,74605.4,116850.0,-1.0,aref,2014-08-13 19:40:05+00:00,"['aref', 'akira']",[]
205,6195521,14784828,14784827,5,49137.8,74434.4,116900.0,-1.0,aref,2014-08-13 19:40:07+00:00,"['aref', 'akira']",[]
206,6195521,14784829,14784828,5,49092.2,74411.6,116950.0,-1.0,aref,2014-08-13 19:40:08+00:00,"['aref', 'akira']",[]
207,6195521,14784830,14784829,5,49077.0,74377.4,117000.0,-1.0,aref,2014-08-13 19:40:09+00:00,"['aref', 'akira']",[]
208,6195521,14784831,14784830,5,48978.2,74362.2,117050.0,-1.0,aref,2014-08-13 19:40:11+00:00,"['aref', 'akira']",[]
209,6195521,14784832,14784831,5,48966.8,74320.4,117100.0,-1.0,aref,2014-08-13 19:40:15+00:00,"['aref', 'akira']",[]
210,6195521,14784833,14784832,5,48941.5,74317.9,117150.0,-1.0,aref,2014-08-13 19:40:18+00:00,"['aref', 'akira']",[]
211,6195521,14784834,14784833,5,48916.1,74315.3,117200.0,-1.0,aref,2014-08-13 19:40:18+00:00,"['aref', 'akira']",[]
212,6195521,14784835,14784834,5,48890.8,74312.8,117250.0,-1.0,aref,2014-08-13 19:40:18+00:00,"['aref', 'akira']",[]
213,6195521,14784836,14784835,5,48917.4,74284.3,117300.0,-1.0,aref,2014-08-13 19:40:20+00:00,"['aref', 'akira']",[]
214,6195521,14784837,14784836,5,48944.0,74255.8,117350.0,-1.0,aref,2014-08-13 19:40:20+00:00,"['aref', 'akira']",[]
215,6195521,14784838,14784837,5,48955.4,74215.9,117400.0,-1.0,aref,2014-08-13 19:40:23+00:00,"['aref', 'akira']",[]
216,6195521,14784839,14784838,5,48966.8,74176.0,117450.0,-1.0,aref,2014-08-13 19:40:23+00:00,"['aref', 'akira']",[]
217,6195521,14784840,14784839,5,48951.6,74214.0,117500.0,-1.0,aref,2014-08-13 19:40:41+00:00,"['aref', 'akira']",[]
218,6195521,14784841,14784840,5,49107.4,74214.0,117550.0,-1.0,aref,2014-08-13 19:40:44+00:00,"['aref', 'akira']",[]
219,6195521,14784842,14784841,5,49073.2,74168.4,117600.0,-1.0,aref,2014-08-13 19:40:46+00:00,"['aref', 'akira']",[]
220,6195521,14784843,14784842,5,49092.2,74157.0,117650.0,-1.0,aref,2014-08-13 19:40:49+00:00,"['aref', 'akira']",[]
221,6195521,14784844,14784843,5,49069.4,74111.4,117700.0,-1.0,aref,2014-08-13 19:40:50+00:00,"['aref', 'akira']",[]
222,6195521,14784845,14784844,5,49027.6,74115.2,117750.0,-1.0,aref,2014-08-13 19:40:52+00:00,"['aref', 'akira']",[]
223,6195521,14784846,14784845,5,49035.2,74088.6,117800.0,-1.0,aref,2014-08-13 19:40:55+00:00,"['aref', 'akira']",[]
224,6195521,14784847,14784846,5,49031.4,74065.8,117850.0,-1.0,aref,2014-08-13 19:40:58+00:00,"['aref', 'akira']",[]
225,6195521,14784848,14784847,5,49077.0,74065.8,117900.0,-1.0,aref,2014-08-13 19:40:59+00:00,"['aref', 'akira']",[]
226,6195521,14784849,14784848,5,49111.2,74054.4,117950.0,-1.0,aref,2014-08-13 19:41:14+00:00,"['aref', 'akira']",[]
227,6195521,14784850,14784849,5,49084.6,74031.6,118000.0,-1.0,aref,2014-08-13 19:41:15+00:00,"['aref', 'akira']",[]
228,6195521,14784851,14784850,5,49130.2,74046.8,118050.0,-1.0,aref,2014-08-13 19:41:17+00:00,"['aref', 'akira']",[]
229,6195521,14784852,14784851,5,49168.2,73970.8,118100.0,-1.0,aref,2014-08-13 19:41:19+00:00,"['aref', 'akira']",[]
230,6195521,14784853,14784852,5,49191.0,73997.4,118150.0,-1.0,aref,2014-08-13 19:41:20+00:00,"['aref', 'akira']",[]
231,6195521,14784854,14784853,5,49191.0,73974.6,118200.0,-1.0,aref,2014-08-13 19:41:21+00:00,"['aref', 'akira']",['ends']
232,6195521,14784873,6197797,5,48849.0,76896.8,116150.0,-1.0,aref,2014-08-13 19:43:45+00:00,"['aref', 'akira']",[]
233,6195521,14784894,14784873,5,48856.6,76885.4,116100.0,-1.0,aref,2014-08-13 19:43:46+00:00,"['aref', 'akira']",[]
234,6195521,14784902,14784894,5,48913.6,76896.8,116050.0,-1.0,aref,2014-08-13 19:43:47+00:00,"['aref', 'akira']",['ends']
235,6195521,14784953,6197765,5,47557.0,74746.0,116650.0,-1.0,aref,2014-08-13 19:44:23+00:00,"['aref', 'akira']",[]
236,6195521,14784955,14784953,5,47610.2,75088.0,116650.0,-1.0,aref,2014-08-13 19:44:24+00:00,"['aref', 'akira']",['ends']
237,6195521,14785522,6197323,5,50741.4,71911.2,117450.0,-1.0,aref,2014-08-13 19:59:34+00:00,"['aref', 'akira']",['ends']
238,6195521,14785535,6197770,5,47500.0,74309.0,116400.0,-1.0,aref,2014-08-13 20:02:41+00:00,"['aref', 'akira']",['ends']
239,6195521,14785539,14785538,5,46553.2,75460.4,116650.0,-1.0,aref,2014-08-13 20:03:03+00:00,"['aref', 'akira']",[]
240,6195521,14785540,14785539,5,46408.8,75460.4,116600.0,-1.0,aref,2014-08-13 20:03:04+00:00,"['aref', 'akira']",[]
241,6195521,14785541,14785540,5,46336.6,75490.8,116550.0,-1.0,aref,2014-08-13 20:03:05+00:00,"['aref', 'akira']",[]
242,6195521,14785542,14785541,5,46196.0,75513.6,116500.0,-1.0,aref,2014-08-13 20:03:06+00:00,"['aref', 'akira']",[]
243,6195521,14785543,14785542,5,46066.8,75471.8,116450.0,-1.0,aref,2014-08-13 20:03:08+00:00,"['aref', 'akira']",[]
244,6195521,14785544,14785543,5,45956.6,75623.8,116400.0,-1.0,aref,2014-08-13 20:03:09+00:00,"['aref', 'akira']",[]
245,6195521,14785545,14785544,5,45949.0,75825.2,116350.0,-1.0,aref,2014-08-13 20:03:10+00:00,"['aref', 'akira']",[]
246,6195521,14785546,14785545,5,45827.4,75642.8,116300.0,-1.0,aref,2014-08-13 20:03:11+00:00,"['aref', 'akira']",[]
247,6195521,14785547,14785546,5,45785.6,75635.2,116250.0,-1.0,aref,2014-08-13 20:03:12+00:00,"['aref', 'akira']",['ends']
248,6195521,14785638,13804004,5,48942.9,77540.0,124800.0,-1.0,aref,2014-08-13 20:06:12+00:00,"['aref', 'akira']",[]
249,6195521,14785639,14785638,5,48893.4,77540.0,124750.0,-1.0,aref,2014-08-13 20:06:13+00:00,"['aref', 'akira']",[]
250,6195521,14785640,14785639,5,48817.4,77547.5,124700.0,-1.0,aref,2014-08-13 20:06:14+00:00,"['aref', 'akira']",[]
251,6195521,14785641,14785640,5,48851.6,77524.8,124650.0,-1.0,aref,2014-08-13 20:06:15+00:00,"['aref', 'akira']",['ends']
252,6195521,15468320,6195807,5,44380.2,64565.8,118150.0,-1.0,aref,2014-09-18 23:22:34+00:00,['akira'],[]
253,6195521,15468321,15468320,5,44346.0,64562.0,118100.0,-1.0,aref,2014-09-18 23:22:35+00:00,['akira'],['ends']
254,6195521,6196568,6196557,5,50535.6,73066.4,120900.0,-1.0,albert,2013-07-26 20:54:47+00:00,"['aref', 'akira']",[]
255,6195521,6196613,6196589,5,50531.8,73184.2,121100.0,-1.0,albert,2013-07-26 20:55:10+00:00,"['aref', 'akira']",[]
256,6195521,6196637,6196635,5,50539.4,73378.0,121350.0,-1.0,albert,2013-07-26 20:55:16+00:00,"['aref', 'akira']",[]
257,6195521,6196646,6196644,5,50478.6,73602.2,121550.0,-1.0,albert,2013-07-26 20:55:25+00:00,"['aref', 'akira']",[]
258,6195521,6196647,6196646,5,50452.0,73636.4,121600.0,-1.0,albert,2013-07-26 20:55:25+00:00,"['aref', 'akira']",[]
259,6195521,6196660,6196659,5,49937.1,74010.7,122200.0,-1.0,albert,2013-07-26 20:55:32+00:00,"['aref', 'akira']",[]
260,6195521,6196661,6196660,5,49908.6,74012.6,122250.0,-1.0,albert,2013-07-26 20:55:32+00:00,"['aref', 'akira']",[]
261,6195521,6196686,6196685,5,49534.9,74339.4,122700.0,-1.0,albert,2013-07-26 20:55:50+00:00,"['aref', 'akira']",[]
262,6195521,6196687,6196686,5,49518.4,74350.8,122750.0,-1.0,albert,2013-07-26 20:55:50+00:00,"['aref', 'akira']",[]
263,6195521,6196688,6196687,5,49502.0,74362.2,122800.0,-1.0,albert,2013-07-26 20:55:50+00:00,"['aref', 'akira']",[]
264,6195521,6195806,6195807,5,45879.3,65056.0,118200.0,-1.0,albert,2013-07-26 20:52:19+00:00,"['aref', 'akira']",[]
265,6195521,6195807,6195809,5,44427.7,64634.2,118200.0,-1.0,albert,2013-07-26 20:52:19+00:00,"['aref', 'akira']",[]
266,6195521,6195810,6195812,5,44363.1,64615.2,118300.0,-1.0,albert,2013-07-26 20:52:19+00:00,"['aref', 'akira']",[]
267,6195521,6195809,6195810,5,44395.4,64624.7,118250.0,-1.0,albert,2013-07-26 20:52:19+00:00,"['aref', 'akira']",[]
268,6195521,6195813,6195816,5,44123.7,64508.8,118400.0,-1.0,albert,2013-07-26 20:52:19+00:00,"['aref', 'akira']",[]
269,6195521,6195812,6195813,5,44243.4,64562.0,118350.0,-1.0,albert,2013-07-26 20:52:19+00:00,"['aref', 'akira']",[]
270,6195521,6195816,6195886,5,43306.7,64372.0,118400.0,-1.0,albert,2013-07-26 20:52:19+00:00,"['aref', 'akira']",[]
271,6195521,6195817,6195816,5,43356.1,64318.8,118350.0,-1.0,albert,2013-07-26 20:50:04+00:00,"['aref', 'akira']",[]
272,6195521,6195818,6195817,5,43405.5,64265.6,118300.0,-1.0,albert,2013-07-26 20:50:04+00:00,"['aref', 'akira']",[]
273,6195521,6196492,6196346,5,50442.5,72135.4,119700.0,-1.0,albert,2013-07-26 20:54:18+00:00,"['aref', 'akira']",[]
274,6195521,6196493,6196492,5,50389.3,72572.4,119700.0,-1.0,albert,2013-07-26 20:54:18+00:00,"['aref', 'akira']",[]
275,6195521,6195820,6195818,5,43424.5,64223.8,118250.0,-1.0,albert,2013-07-26 20:50:05+00:00,"['aref', 'akira']",[]
276,6195521,6195821,6195820,5,43443.5,64182.0,118200.0,-1.0,albert,2013-07-26 20:50:05+00:00,"['aref', 'akira']",[]
277,6195521,6196501,6196493,5,50366.5,72640.8,119650.0,-1.0,albert,2013-07-26 20:54:19+00:00,"['aref', 'akira']",[]
278,6195521,6196502,6196501,5,50343.7,72709.2,119600.0,-1.0,albert,2013-07-26 20:54:19+00:00,"['aref', 'akira']",[]
279,6195521,6196503,6196502,5,50336.1,72808.0,119550.0,-1.0,albert,2013-07-26 20:54:20+00:00,"['aref', 'akira']",[]
280,6195521,6196504,6196503,5,50338.6,73070.2,119500.0,-1.0,albert,2013-07-26 20:54:24+00:00,"['aref', 'akira']",['ends']
281,6195521,6196638,6196637,5,50543.2,73480.6,121400.0,-1.0,albert,2013-07-26 20:55:18+00:00,"['aref', 'akira']",[]
282,6195521,6196648,6196647,5,50425.4,73701.0,121650.0,-1.0,albert,2013-07-26 20:55:25+00:00,"['aref', 'akira']",[]
283,6195521,6196649,6196648,5,50416.5,73747.9,121700.0,-1.0,albert,2013-07-26 20:55:27+00:00,"['aref', 'akira']",[]
284,6195521,6196650,6196649,5,50407.6,73794.7,121750.0,-1.0,albert,2013-07-26 20:55:27+00:00,"['aref', 'akira']",[]
285,6195521,6196651,6196650,5,50398.8,73841.6,121800.0,-1.0,albert,2013-07-26 20:55:27+00:00,"['aref', 'akira']",[]
286,6195521,6196663,6196661,5,49874.4,74016.4,122300.0,-1.0,albert,2013-07-26 20:55:32+00:00,"['aref', 'akira']",[]
287,6195521,2708344,6196669,5,49605.2,74276.7,122600.0,-1.0,osman,2016-02-03 22:36:21+00:00,[],[]
288,6195521,6196640,6196638,5,50497.6,73556.6,121450.0,-1.0,albert,2013-07-26 20:55:19+00:00,"['aref', 'akira']",['stitching error']
289,6195521,6196652,6196651,5,50326.6,73894.8,121850.0,-1.0,albert,2013-07-26 20:55:28+00:00,"['aref', 'akira']",[]
290,6195521,6196653,6196652,5,50254.4,73948.0,121900.0,-1.0,albert,2013-07-26 20:55:28+00:00,"['aref', 'akira']",[]
291,6195521,6196664,6196663,5,49825.0,74103.8,122350.0,-1.0,albert,2013-07-26 20:55:33+00:00,"['aref', 'akira']",[]
292,6195521,6196552,6196392,5,50592.6,72982.8,120600.0,-1.0,albert,2013-07-26 20:54:37+00:00,"['aref', 'akira']",[]
293,6195521,6196587,6196568,5,50528.6,73091.7,120950.0,-1.0,albert,2013-07-26 20:55:02+00:00,"['aref', 'akira']",[]
294,6195521,6196588,6196587,5,50521.6,73117.1,121000.0,-1.0,albert,2013-07-26 20:55:02+00:00,"['aref', 'akira']",[]
295,6195521,6196589,6196588,5,50514.7,73142.4,121050.0,-1.0,albert,2013-07-26 20:55:02+00:00,"['aref', 'akira']",[]
296,6195521,6196654,6196653,5,50186.0,73963.2,121950.0,-1.0,albert,2013-07-26 20:55:29+00:00,"['aref', 'akira']",[]
297,6195521,6196655,6196654,5,50117.6,73978.4,122000.0,-1.0,albert,2013-07-26 20:55:29+00:00,"['aref', 'akira']",[]
298,6195521,6196553,6196552,5,50577.4,73008.1,120650.0,-1.0,albert,2013-07-26 20:54:38+00:00,"['aref', 'akira']",[]
299,6195521,6196554,6196553,5,50562.2,73033.5,120700.0,-1.0,albert,2013-07-26 20:54:38+00:00,"['aref', 'akira']",[]
300,6195521,6196555,6196554,5,50547.0,73058.8,120750.0,-1.0,albert,2013-07-26 20:54:38+00:00,"['aref', 'akira']",[]
301,6195521,6196632,6196613,5,50534.3,73226.0,121150.0,-1.0,albert,2013-07-26 20:55:14+00:00,"['aref', 'akira']",[]
302,6195521,6196633,6196632,5,50536.8,73267.8,121200.0,-1.0,albert,2013-07-26 20:55:14+00:00,"['aref', 'akira']",[]
303,6195521,6196634,6196633,5,50539.4,73309.6,121250.0,-1.0,albert,2013-07-26 20:55:14+00:00,"['aref', 'akira']",[]
304,6195521,6196656,6196655,5,50034.0,73986.0,122050.0,-1.0,albert,2013-07-26 20:55:30+00:00,"['aref', 'akira']",[]
305,6195521,6196666,6196664,5,49764.2,74149.4,122400.0,-1.0,albert,2013-07-26 20:55:34+00:00,"['aref', 'akira']",[]
306,6195521,6196667,6196666,5,49703.4,74195.0,122450.0,-1.0,albert,2013-07-26 20:55:34+00:00,"['aref', 'akira']",[]
307,6195521,6195886,6195887,5,42957.1,64398.6,118450.0,-1.0,albert,2013-07-26 20:52:19+00:00,"['aref', 'akira']",[]
308,6195521,6196556,6196555,5,50535.6,73066.4,120800.0,-1.0,albert,2013-07-26 20:54:40+00:00,"['aref', 'akira']",[]
309,6195521,6196557,6196556,5,50524.2,73074.0,120850.0,-1.0,albert,2013-07-26 20:54:40+00:00,"['aref', 'akira']",[]
310,6195521,6196635,6196634,5,50539.4,73332.4,121300.0,-1.0,albert,2013-07-26 20:55:15+00:00,"['aref', 'akira']",[]
311,6195521,6196644,6196640,5,50505.2,73568.0,121500.0,-1.0,albert,2013-07-26 20:55:23+00:00,"['aref', 'akira']",[]
312,6195521,6196668,6196667,5,49678.0,74222.9,122500.0,-1.0,albert,2013-07-26 20:55:35+00:00,"['aref', 'akira']",[]
313,6195521,6196669,6196668,5,49652.7,74250.7,122550.0,-1.0,albert,2013-07-26 20:55:35+00:00,"['aref', 'akira']",[]
314,6195521,6195887,6195888,5,42364.3,64391.0,118500.0,-1.0,albert,2013-07-26 20:52:19+00:00,"['aref', 'akira']",[]
315,6195521,6196658,6196656,5,49999.8,73997.4,122100.0,-1.0,albert,2013-07-26 20:55:31+00:00,"['aref', 'akira']",[]
316,6195521,6196659,6196658,5,49965.6,74008.8,122150.0,-1.0,albert,2013-07-26 20:55:31+00:00,"['aref', 'akira']",[]
317,6195521,6196685,2708344,5,49551.4,74328.0,122650.0,-1.0,albert,2013-07-26 20:55:49+00:00,"['aref', 'akira']",[]
318,6195521,6195888,6195904,5,41277.5,64375.8,118500.0,-1.0,albert,2013-07-26 20:52:19+00:00,"['aref', 'akira']",[]
319,6195521,6195896,6195888,5,41102.7,64374.5,118550.0,-1.0,albert,2013-07-26 20:50:40+00:00,"['aref', 'akira']",[]
320,6195521,6195897,6195896,5,40927.9,64373.3,118600.0,-1.0,albert,2013-07-26 20:50:40+00:00,"['aref', 'akira']",[]
321,6195521,6195898,6195897,5,40753.1,64372.0,118650.0,-1.0,albert,2013-07-26 20:50:40+00:00,"['aref', 'akira']",[]
322,6195521,6195904,6195905,5,39977.9,64242.8,118500.0,-1.0,albert,2013-07-26 20:52:19+00:00,"['aref', 'akira']",[]
323,6195521,6195907,6195916,5,39575.1,64273.2,118350.0,-1.0,albert,2013-07-26 20:52:19+00:00,"['aref', 'akira']",[]
324,6195521,6195906,6195907,5,39709.4,64263.1,118400.0,-1.0,albert,2013-07-26 20:52:19+00:00,"['aref', 'akira']",[]
325,6195521,6195905,6195906,5,39843.6,64252.9,118450.0,-1.0,albert,2013-07-26 20:52:19+00:00,"['aref', 'akira']",[]
326,6195521,6195918,6195945,5,39221.7,64383.4,118200.0,-1.0,albert,2013-07-26 20:52:19+00:00,"['aref', 'akira']",[]
327,6195521,6195917,6195918,5,39339.5,64346.7,118250.0,-1.0,albert,2013-07-26 20:52:19+00:00,"['aref', 'akira']",[]
328,6195521,6195916,6195917,5,39457.3,64309.9,118300.0,-1.0,albert,2013-07-26 20:52:19+00:00,"['aref', 'akira']",[]
329,6195521,6195946,4117453,5,39090.0,64353.0,118100.0,-1.0,albert,2013-07-26 20:52:19+00:00,"['aref', 'akira']",[]
330,6195521,6195945,6195946,5,39155.8,64368.2,118150.0,-1.0,albert,2013-07-26 20:52:19+00:00,"['aref', 'akira']",[]
331,6195521,4117453,6195958,5,39008.9,64370.1,118050.0,-1.0,maarten,2014-05-23 18:39:09+00:00,"['aref', 'akira']",[]
332,6195521,6195959,6195974,5,38788.5,64489.8,117950.0,-1.0,albert,2013-07-26 20:52:19+00:00,"['aref', 'akira']",[]
333,6195521,6195958,6195959,5,38909.1,64421.4,118000.0,-1.0,albert,2013-07-26 20:52:19+00:00,"['aref', 'akira']",[]
334,6195521,6195976,6195977,5,38290.7,64896.4,117800.0,-1.0,albert,2013-07-26 20:52:19+00:00,"['aref', 'akira']",[]
335,6195521,6195975,6195976,5,38456.6,64760.9,117850.0,-1.0,albert,2013-07-26 20:52:19+00:00,"['aref', 'akira']",[]
336,6195521,6195977,6195981,5,37751.1,65234.6,117750.0,-1.0,albert,2013-07-26 20:52:19+00:00,"['aref', 'akira']",[]
337,6195521,6195983,6195984,5,36816.3,65607.0,117600.0,-1.0,albert,2013-07-26 20:52:19+00:00,"['aref', 'akira']",[]
338,6195521,6195982,6195983,5,37127.9,65482.9,117650.0,-1.0,albert,2013-07-26 20:52:19+00:00,"['aref', 'akira']",[]
339,6195521,6195986,6195987,5,36337.5,65800.8,117450.0,-1.0,albert,2013-07-26 20:52:19+00:00,"['aref', 'akira']",[]
340,6195521,6195985,6195986,5,36497.1,65736.2,117500.0,-1.0,albert,2013-07-26 20:52:19+00:00,"['aref', 'akira']",[]
341,6195521,6195984,6195985,5,36656.7,65671.6,117550.0,-1.0,albert,2013-07-26 20:52:19+00:00,"['aref', 'akira']",[]
342,6195521,6195988,6195989,5,36212.1,65816.0,117350.0,-1.0,albert,2013-07-26 20:52:19+00:00,"['aref', 'akira']",[]
343,6195521,6195987,6195988,5,36274.8,65808.4,117400.0,-1.0,albert,2013-07-26 20:52:19+00:00,"['aref', 'akira']",[]
344,6195521,6195994,6195995,5,35816.9,65873.0,117050.0,-1.0,albert,2013-07-26 20:52:19+00:00,"['aref', 'akira']",[]
345,6195521,6195993,6195994,5,35882.8,65863.5,117100.0,-1.0,albert,2013-07-26 20:52:19+00:00,"['aref', 'akira']",[]
346,6195521,6196011,6196013,5,34965.7,65987.0,116450.0,-1.0,albert,2013-07-26 20:52:19+00:00,"['aref', 'akira']",[]
347,6195521,6196021,6196028,5,33719.3,66040.2,116100.0,-1.0,albert,2013-07-26 20:52:19+00:00,"['aref', 'akira']",[]
348,6195521,6196020,6196021,5,33967.6,66025.0,116150.0,-1.0,albert,2013-07-26 20:52:19+00:00,"['aref', 'akira']",[]
349,6195521,6196019,6196020,5,34215.8,66009.8,116200.0,-1.0,albert,2013-07-26 20:52:19+00:00,"['aref', 'akira']",[]
350,6195521,6196030,6196039,5,32256.3,66370.8,115950.0,-1.0,albert,2013-07-26 20:52:19+00:00,"['aref', 'akira']",[]
351,6195521,6196029,6196030,5,32744.0,66260.6,116000.0,-1.0,albert,2013-07-26 20:52:19+00:00,"['aref', 'akira']",[]
352,6195521,6196042,6196043,5,30968.1,66693.8,116150.0,-1.0,albert,2013-07-26 20:52:19+00:00,"['aref', 'akira']",[]
353,6195521,6196056,6196057,5,30124.5,66690.0,116500.0,-1.0,albert,2013-07-26 20:52:19+00:00,"['aref', 'akira']",[]
354,6195521,6196055,6196056,5,30195.8,66694.8,116450.0,-1.0,albert,2013-07-26 20:52:19+00:00,"['aref', 'akira']",[]
355,6195521,6196054,6196055,5,30267.0,66699.5,116400.0,-1.0,albert,2013-07-26 20:52:19+00:00,"['aref', 'akira']",[]
356,6195521,6196053,6196054,5,30338.2,66704.2,116350.0,-1.0,albert,2013-07-26 20:52:19+00:00,"['aref', 'akira']",[]
357,6195521,6196060,6196061,5,29482.3,66766.0,116700.0,-1.0,albert,2013-07-26 20:52:19+00:00,"['aref', 'akira']",[]
358,6195521,6196059,6196060,5,29642.8,66747.0,116650.0,-1.0,albert,2013-07-26 20:52:19+00:00,"['aref', 'akira']",[]
359,6195521,6196062,6196068,5,28923.7,66997.8,116800.0,-1.0,albert,2013-07-26 20:52:19+00:00,"['aref', 'akira']",[]
360,6195521,6196070,6196071,5,28057.3,67222.0,116650.0,-1.0,albert,2013-07-26 20:52:19+00:00,"['aref', 'akira']",[]
361,6195521,6196072,6196080,5,27498.7,67514.6,116550.0,-1.0,albert,2013-07-26 20:52:19+00:00,"['aref', 'akira']",[]
362,6195521,6196071,6196072,5,27778.0,67368.3,116600.0,-1.0,albert,2013-07-26 20:52:19+00:00,"['aref', 'akira']",[]
363,6195521,6196081,6196082,5,26712.1,68042.8,116450.0,-1.0,albert,2013-07-26 20:52:19+00:00,"['aref', 'akira']",[]
364,6195521,6196080,6196081,5,27105.4,67778.7,116500.0,-1.0,albert,2013-07-26 20:52:19+00:00,"['aref', 'akira']",[]
365,6195521,6196084,6196085,5,25465.7,68768.6,116300.0,-1.0,albert,2013-07-26 20:52:19+00:00,"['aref', 'akira']",[]
366,6195521,6196083,6196084,5,25881.2,68526.7,116350.0,-1.0,albert,2013-07-26 20:52:19+00:00,"['aref', 'akira']",[]
367,6195521,6196082,6196083,5,26296.6,68284.7,116400.0,-1.0,albert,2013-07-26 20:52:19+00:00,"['aref', 'akira']",[]
368,6195521,6196087,6196088,5,24713.3,69277.8,116150.0,-1.0,albert,2013-07-26 20:52:19+00:00,"['aref', 'akira']",[]
369,6195521,6196086,6196087,5,24964.1,69108.1,116200.0,-1.0,albert,2013-07-26 20:52:19+00:00,"['aref', 'akira']",[]
370,6195521,6196085,6196086,5,25214.9,68938.3,116250.0,-1.0,albert,2013-07-26 20:52:19+00:00,"['aref', 'akira']",[]
371,6195521,6196088,6196089,5,23892.5,69775.6,116100.0,-1.0,albert,2013-07-26 20:52:19+00:00,"['aref', 'akira']",[]
372,6195521,6196090,6196101,5,23048.9,69923.8,116000.0,-1.0,albert,2013-07-26 20:52:19+00:00,"['aref', 'akira']",[]
373,6195521,6196089,6196090,5,23470.7,69849.7,116050.0,-1.0,albert,2013-07-26 20:52:19+00:00,"['aref', 'akira']",[]
374,6195521,6196102,6196101,5,23109.7,69906.1,115900.0,-1.0,albert,2013-07-26 20:51:41+00:00,"['aref', 'akira']",[]
375,6195521,6196103,6196102,5,23140.1,69897.2,115850.0,-1.0,albert,2013-07-26 20:51:41+00:00,"['aref', 'akira']",[]
376,6195521,6196104,6196103,5,23085.0,69897.2,115800.0,-1.0,albert,2013-07-26 20:51:43+00:00,"['aref', 'akira']",[]
377,6195521,6196105,6196104,5,23029.9,69897.2,115750.0,-1.0,albert,2013-07-26 20:51:43+00:00,"['aref', 'akira']",['ends']
378,6195521,6196128,6196135,5,22064.7,70269.6,115950.0,-1.0,albert,2013-07-26 20:52:19+00:00,"['aref', 'akira']",[]
379,6195521,6196137,6196138,5,21487.1,70307.6,116100.0,-1.0,albert,2013-07-26 20:52:19+00:00,"['aref', 'akira']",[]
380,6195521,6196141,6196142,5,20810.7,70421.6,116300.0,-1.0,albert,2013-07-26 20:52:19+00:00,"['aref', 'akira']",[]
381,6195521,6196140,6196141,5,20979.8,70393.1,116250.0,-1.0,albert,2013-07-26 20:52:19+00:00,"['aref', 'akira']",[]
382,6195521,6196139,6196140,5,21148.9,70364.6,116200.0,-1.0,albert,2013-07-26 20:52:19+00:00,"['aref', 'akira']",[]
383,6195521,6196138,6196139,5,21318.0,70336.1,116150.0,-1.0,albert,2013-07-26 20:52:19+00:00,"['aref', 'akira']",[]
384,6195521,6196142,6196143,5,20597.9,70250.6,116350.0,-1.0,albert,2013-07-26 20:52:19+00:00,"['aref', 'akira']",[]
385,6195521,6196143,6196144,5,20445.9,70395.0,116400.0,-1.0,albert,2013-07-26 20:52:19+00:00,"['aref', 'akira']",[]
386,6195521,6196146,6196161,5,20187.5,70531.8,116550.0,-1.0,albert,2013-07-26 20:52:19+00:00,"['aref', 'akira']",[]
387,6195521,6196145,6196146,5,20273.6,70486.2,116500.0,-1.0,albert,2013-07-26 20:52:19+00:00,"['aref', 'akira']",[]
388,6195521,6196144,6196145,5,20359.8,70440.6,116450.0,-1.0,albert,2013-07-26 20:52:19+00:00,"['aref', 'akira']",[]
389,6195521,6196163,6196164,5,20073.5,70569.8,116700.0,-1.0,albert,2013-07-26 20:52:19+00:00,"['aref', 'akira']",[]
390,6195521,6196162,6196163,5,20111.5,70557.1,116650.0,-1.0,albert,2013-07-26 20:52:19+00:00,"['aref', 'akira']",[]
391,6195521,6196166,6196167,5,19929.1,70558.4,116850.0,-1.0,albert,2013-07-26 20:52:19+00:00,"['aref', 'akira']",[]
392,6195521,6196165,6196166,5,19977.2,70562.2,116800.0,-1.0,albert,2013-07-26 20:52:19+00:00,"['aref', 'akira']",[]
393,6195521,6196164,6196165,5,20025.4,70566.0,116750.0,-1.0,albert,2013-07-26 20:52:19+00:00,"['aref', 'akira']",[]
394,6195521,6196169,6196170,5,19815.1,70623.0,117000.0,-1.0,albert,2013-07-26 20:52:19+00:00,"['aref', 'akira']",[]
395,6195521,6196168,6196169,5,19853.1,70601.5,116950.0,-1.0,albert,2013-07-26 20:52:19+00:00,"['aref', 'akira']",[]
396,6195521,6196167,6196168,5,19891.1,70579.9,116900.0,-1.0,albert,2013-07-26 20:52:19+00:00,"['aref', 'akira']",[]
397,6195521,6196172,6196180,5,19568.1,70809.2,117150.0,-1.0,albert,2013-07-26 20:52:19+00:00,"['aref', 'akira']",[]
398,6195521,6196171,6196172,5,19650.4,70747.1,117100.0,-1.0,albert,2013-07-26 20:52:19+00:00,"['aref', 'akira']",[]
399,6195521,6196182,6196183,5,19412.3,70904.2,117300.0,-1.0,albert,2013-07-26 20:52:19+00:00,"['aref', 'akira']",[]
400,6195521,6196185,6196186,5,19180.5,70934.6,117450.0,-1.0,albert,2013-07-26 20:52:19+00:00,"['aref', 'akira']",[]
401,6195521,6196184,6196185,5,19257.8,70924.5,117400.0,-1.0,albert,2013-07-26 20:52:19+00:00,"['aref', 'akira']",[]
402,6195521,6196183,6196184,5,19335.0,70914.3,117350.0,-1.0,albert,2013-07-26 20:52:19+00:00,"['aref', 'akira']",[]
403,6195521,6196188,6196189,5,18994.3,70896.6,117600.0,-1.0,albert,2013-07-26 20:52:19+00:00,"['aref', 'akira']",[]
404,6195521,6196187,6196188,5,19056.4,70909.3,117550.0,-1.0,albert,2013-07-26 20:52:19+00:00,"['aref', 'akira']",[]
405,6195521,6196186,6196187,5,19118.4,70921.9,117500.0,-1.0,albert,2013-07-26 20:52:19+00:00,"['aref', 'akira']",[]
406,6195521,6196191,6196192,5,18811.9,70911.8,117750.0,-1.0,albert,2013-07-26 20:52:19+00:00,"['aref', 'akira']",[]
407,6195521,6196190,6196191,5,18872.7,70906.7,117700.0,-1.0,albert,2013-07-26 20:52:19+00:00,"['aref', 'akira']",[]
408,6195521,6196189,6196190,5,18933.5,70901.7,117650.0,-1.0,albert,2013-07-26 20:52:19+00:00,"['aref', 'akira']",[]
409,6195521,6196193,6196194,5,18700.4,70906.7,117850.0,-1.0,albert,2013-07-26 20:52:19+00:00,"['aref', 'akira']",[]
410,6195521,6196192,6196193,5,18756.2,70909.3,117800.0,-1.0,albert,2013-07-26 20:52:19+00:00,"['aref', 'akira']",[]
411,6195521,6195525,6195529,5,49715.4,67799.6,117600.0,-1.0,albert,2013-07-26 20:52:19+00:00,"['aref', 'akira']",[]
412,6195521,6196194,,5,18644.7,70904.2,117900.0,-1.0,albert,2013-07-26 20:52:19+00:00,"['aref', 'akira']","['ends', 'out to nerve']"
413,6195521,6196181,6196182,5,19464.2,70872.5,117250.0,-1.0,albert,2013-07-26 20:52:19+00:00,"['aref', 'akira']",[]
414,6195521,6196180,6196181,5,19516.2,70840.9,117200.0,-1.0,albert,2013-07-26 20:52:19+00:00,"['aref', 'akira']",[]
415,6195521,6196170,6196171,5,19732.8,70685.1,117050.0,-1.0,albert,2013-07-26 20:52:19+00:00,"['aref', 'akira']",[]
416,6195521,6196161,6196162,5,20149.5,70544.5,116600.0,-1.0,albert,2013-07-26 20:52:19+00:00,"['aref', 'akira']",[]
417,6195521,6196136,6196137,5,21679.6,70294.9,116050.0,-1.0,albert,2013-07-26 20:52:19+00:00,"['aref', 'akira']",[]
418,6195521,6196135,6196136,5,21872.2,70282.3,116000.0,-1.0,albert,2013-07-26 20:52:19+00:00,"['aref', 'akira']",[]
419,6195521,6196101,6196128,5,23079.3,69914.9,115950.0,-1.0,albert,2013-07-26 20:52:19+00:00,"['aref', 'akira']",[]
420,6195521,6196069,6196070,5,28346.1,67147.3,116700.0,-1.0,albert,2013-07-26 20:52:19+00:00,"['aref', 'akira']",[]
421,6195521,6196068,6196069,5,28634.9,67072.5,116750.0,-1.0,albert,2013-07-26 20:52:19+00:00,"['aref', 'akira']",[]
422,6195521,6196061,6196062,5,29203.0,66881.9,116750.0,-1.0,albert,2013-07-26 20:52:19+00:00,"['aref', 'akira']",[]
423,6195521,6196058,6196059,5,29803.4,66728.0,116600.0,-1.0,albert,2013-07-26 20:52:19+00:00,"['aref', 'akira']",[]
424,6195521,6196057,6196058,5,29963.9,66709.0,116550.0,-1.0,albert,2013-07-26 20:52:19+00:00,"['aref', 'akira']",[]
425,6195521,6196045,6196053,5,30409.5,66709.0,116300.0,-1.0,albert,2013-07-26 20:52:19+00:00,"['aref', 'akira']",[]
426,6195521,6196044,6196045,5,30595.7,66703.9,116250.0,-1.0,albert,2013-07-26 20:52:19+00:00,"['aref', 'akira']",[]
427,6195521,6196043,6196044,5,30781.9,66698.9,116200.0,-1.0,albert,2013-07-26 20:52:19+00:00,"['aref', 'akira']",[]
428,6195521,6196041,6196042,5,31290.2,66613.0,116100.0,-1.0,albert,2013-07-26 20:52:19+00:00,"['aref', 'akira']",[]
429,6195521,6196040,6196041,5,31612.2,66532.3,116050.0,-1.0,albert,2013-07-26 20:52:19+00:00,"['aref', 'akira']",[]
430,6195521,6196039,6196040,5,31934.2,66451.5,116000.0,-1.0,albert,2013-07-26 20:52:19+00:00,"['aref', 'akira']",[]
431,6195521,6196028,6196029,5,33231.6,66150.4,116050.0,-1.0,albert,2013-07-26 20:52:19+00:00,"['aref', 'akira']",[]
432,6195521,6196016,6196019,5,34464.1,65994.6,116250.0,-1.0,albert,2013-07-26 20:52:19+00:00,"['aref', 'akira']",[]
433,6195521,6196015,6196016,5,34589.5,65992.7,116300.0,-1.0,albert,2013-07-26 20:52:19+00:00,"['aref', 'akira']",[]
434,6195521,6196014,6196015,5,34714.9,65990.8,116350.0,-1.0,albert,2013-07-26 20:52:19+00:00,"['aref', 'akira']",[]
435,6195521,6196013,6196014,5,34840.3,65988.9,116400.0,-1.0,albert,2013-07-26 20:52:19+00:00,"['aref', 'akira']",[]
436,6195521,6196010,6196011,5,35040.4,65969.3,116500.0,-1.0,albert,2013-07-26 20:52:19+00:00,"['aref', 'akira']",[]
437,6195521,6196009,6196010,5,35115.2,65951.5,116550.0,-1.0,albert,2013-07-26 20:52:19+00:00,"['aref', 'akira']",[]
438,6195521,6196008,6196009,5,35189.9,65933.8,116600.0,-1.0,albert,2013-07-26 20:52:19+00:00,"['aref', 'akira']",[]
439,6195521,6196007,6196008,5,35264.6,65916.1,116650.0,-1.0,albert,2013-07-26 20:52:19+00:00,"['aref', 'akira']",[]
440,6195521,6196006,6196007,5,35339.4,65898.3,116700.0,-1.0,albert,2013-07-26 20:52:19+00:00,"['aref', 'akira']",[]
441,6195521,6196000,6196006,5,35414.1,65880.6,116750.0,-1.0,albert,2013-07-26 20:52:19+00:00,"['aref', 'akira']",[]
442,6195521,6195999,6196000,5,35481.2,65879.3,116800.0,-1.0,albert,2013-07-26 20:52:19+00:00,"['aref', 'akira']",[]
443,6195521,6195998,6195999,5,35548.4,65878.1,116850.0,-1.0,albert,2013-07-26 20:52:19+00:00,"['aref', 'akira']",[]
444,6195521,6195997,6195998,5,35615.5,65876.8,116900.0,-1.0,albert,2013-07-26 20:52:19+00:00,"['aref', 'akira']",[]
445,6195521,6195996,6195997,5,35682.6,65875.5,116950.0,-1.0,albert,2013-07-26 20:52:19+00:00,"['aref', 'akira']",[]
446,6195521,6195995,6195996,5,35749.8,65874.3,117000.0,-1.0,albert,2013-07-26 20:52:19+00:00,"['aref', 'akira']",[]
447,6195521,6195992,6195993,5,35948.6,65854.0,117150.0,-1.0,albert,2013-07-26 20:52:19+00:00,"['aref', 'akira']",[]
448,6195521,6195991,6195992,5,36014.5,65844.5,117200.0,-1.0,albert,2013-07-26 20:52:19+00:00,"['aref', 'akira']",[]
449,6195521,6195990,6195991,5,36080.4,65835.0,117250.0,-1.0,albert,2013-07-26 20:52:19+00:00,"['aref', 'akira']",[]
450,6195521,6195989,6195990,5,36146.2,65825.5,117300.0,-1.0,albert,2013-07-26 20:52:19+00:00,"['aref', 'akira']",[]
451,6195521,6195981,6195982,5,37439.5,65358.7,117700.0,-1.0,albert,2013-07-26 20:52:19+00:00,"['aref', 'akira']",[]
452,6195521,6195974,6195975,5,38622.6,64625.3,117900.0,-1.0,albert,2013-07-26 20:52:19+00:00,"['aref', 'akira']",[]
453,6195521,6195613,6195618,5,48250.5,66180.8,118400.0,-1.0,albert,2013-07-26 20:52:19+00:00,"['aref', 'akira']",[]
454,6195521,6195612,6195613,5,48320.2,66283.4,118350.0,-1.0,albert,2013-07-26 20:52:19+00:00,"['aref', 'akira']",[]
455,6195521,6195611,6195612,5,48389.8,66386.0,118300.0,-1.0,albert,2013-07-26 20:52:19+00:00,"['aref', 'akira']",[]
456,6195521,6195594,6195595,5,48529.8,66608.3,118200.0,-1.0,albert,2013-07-26 20:52:19+00:00,"['aref', 'akira']",[]
457,6195521,6195530,6195534,5,49287.9,67305.6,117700.0,-1.0,albert,2013-07-26 20:52:19+00:00,"['aref', 'akira']",[]
458,6195521,6195529,6195530,5,49451.3,67499.4,117650.0,-1.0,albert,2013-07-26 20:52:19+00:00,"['aref', 'akira']",[]
459,6195521,6195534,6195549,5,49139.7,67149.8,117750.0,-1.0,albert,2013-07-26 20:52:19+00:00,"['aref', 'akira']",[]
460,6195521,6195549,6195559,5,49120.7,67028.2,117800.0,-1.0,albert,2013-07-26 20:52:19+00:00,"['aref', 'akira']",[]
461,6195521,6195560,6195577,5,48968.7,66883.8,117900.0,-1.0,albert,2013-07-26 20:52:19+00:00,"['aref', 'akira']",[]
462,6195521,6195559,6195560,5,49044.7,66956.0,117850.0,-1.0,albert,2013-07-26 20:52:19+00:00,"['aref', 'akira']",[]
463,6195521,6195578,6195579,5,48847.1,66785.0,118000.0,-1.0,albert,2013-07-26 20:52:19+00:00,"['aref', 'akira']",[]
464,6195521,6195577,6195578,5,48907.9,66834.4,117950.0,-1.0,albert,2013-07-26 20:52:19+00:00,"['aref', 'akira']",[]
465,6195521,6195579,6195581,5,48641.9,66762.2,118050.0,-1.0,albert,2013-07-26 20:52:19+00:00,"['aref', 'akira']",[]
466,6195521,6195582,6195594,5,48600.1,66728.0,118150.0,-1.0,albert,2013-07-26 20:52:19+00:00,"['aref', 'akira']",[]
467,6195521,6195581,6195582,5,48621.0,66745.1,118100.0,-1.0,albert,2013-07-26 20:52:19+00:00,"['aref', 'akira']",[]
468,6195521,6195595,6195611,5,48459.5,66488.6,118250.0,-1.0,albert,2013-07-26 20:52:19+00:00,"['aref', 'akira']",[]
469,6195521,6195619,6195620,5,48284.7,66116.2,118500.0,-1.0,albert,2013-07-26 20:52:19+00:00,"['aref', 'akira']",[]
470,6195521,6195618,6195619,5,48267.6,66148.5,118450.0,-1.0,albert,2013-07-26 20:52:19+00:00,"['aref', 'akira']",[]
471,6195521,6196268,6195680,5,49363.6,68453.2,118500.0,-1.0,albert,2013-07-26 20:53:06+00:00,"['aref', 'akira']",[]
472,6195521,6196269,6196268,5,49389.9,68662.2,118550.0,-1.0,albert,2013-07-26 20:53:06+00:00,"['aref', 'akira']",[]
473,6195521,6195621,6195622,5,48261.9,66093.4,118600.0,-1.0,albert,2013-07-26 20:52:19+00:00,"['aref', 'akira']",[]
474,6195521,6195620,6195621,5,48273.3,66104.8,118550.0,-1.0,albert,2013-07-26 20:52:19+00:00,"['aref', 'akira']",[]
475,6195521,6196270,6196269,5,49448.8,68852.2,118600.0,-1.0,albert,2013-07-26 20:53:07+00:00,"['aref', 'akira']",[]
476,6195521,6196271,6196270,5,49507.7,69042.2,118650.0,-1.0,albert,2013-07-26 20:53:07+00:00,"['aref', 'akira']",[]
477,6195521,6195623,6195624,5,48231.5,66017.4,118700.0,-1.0,albert,2013-07-26 20:52:19+00:00,"['aref', 'akira']",[]
478,6195521,6195622,6195623,5,48246.7,66055.4,118650.0,-1.0,albert,2013-07-26 20:52:19+00:00,"['aref', 'akira']",[]
479,6195521,6196272,6196271,5,49552.3,69195.1,118700.0,-1.0,albert,2013-07-26 20:53:09+00:00,"['aref', 'akira']",[]
480,6195521,6196273,6196272,5,49597.0,69348.1,118750.0,-1.0,albert,2013-07-26 20:53:09+00:00,"['aref', 'akira']",[]
481,6195521,6196274,6196273,5,49641.6,69501.0,118800.0,-1.0,albert,2013-07-26 20:53:09+00:00,"['aref', 'akira']",[]
482,6195521,6196275,6196274,5,49686.3,69654.0,118850.0,-1.0,albert,2013-07-26 20:53:09+00:00,"['aref', 'akira']",[]
483,6195521,6195625,6195633,5,48041.5,65781.8,118800.0,-1.0,albert,2013-07-26 20:52:19+00:00,"['aref', 'akira']",[]
484,6195521,6195624,6195625,5,48136.5,65899.6,118750.0,-1.0,albert,2013-07-26 20:52:19+00:00,"['aref', 'akira']",[]
485,6195521,6196284,6196275,5,49722.4,69731.9,118900.0,-1.0,albert,2013-07-26 20:53:11+00:00,"['aref', 'akira']",[]
486,6195521,6196285,6196284,5,49758.5,69809.8,118950.0,-1.0,albert,2013-07-26 20:53:11+00:00,"['aref', 'akira']",[]
487,6195521,6196286,6196285,5,49804.1,69958.0,119000.0,-1.0,albert,2013-07-26 20:53:13+00:00,"['aref', 'akira']",[]
488,6195521,6196287,6196286,5,49849.7,70106.2,119050.0,-1.0,albert,2013-07-26 20:53:13+00:00,"['aref', 'akira']",[]
489,6195521,6195634,6195633,5,47615.9,65405.6,118900.0,-1.0,albert,2013-07-26 20:48:58+00:00,"['aref', 'akira']",[]
490,6195521,6195633,6195651,5,47828.7,65593.7,118850.0,-1.0,albert,2013-07-26 20:52:19+00:00,"['aref', 'akira']",[]
491,6195521,6196288,6196287,5,49910.5,70250.6,119100.0,-1.0,albert,2013-07-26 20:53:14+00:00,"['aref', 'akira']",[]
492,6195521,6195640,6195634,5,47536.1,65341.0,118950.0,-1.0,albert,2013-07-26 20:48:59+00:00,"['aref', 'akira']",['ends']
493,6195521,6196290,6196288,5,50670.5,70452.0,119150.0,-1.0,albert,2013-07-26 20:53:17+00:00,"['aref', 'akira']",[]
494,6195521,6196294,6196290,5,50032.1,70455.8,119200.0,-1.0,albert,2013-07-26 20:53:21+00:00,"['aref', 'akira']",[]
495,6195521,6195653,6195654,5,47285.3,65360.0,118700.0,-1.0,albert,2013-07-26 20:52:19+00:00,"['aref', 'akira']",[]
496,6195521,6195652,6195653,5,47466.4,65437.9,118750.0,-1.0,albert,2013-07-26 20:52:19+00:00,[],[]
497,6195521,6195651,6195652,5,47647.6,65515.8,118800.0,-1.0,albert,2013-07-26 20:52:19+00:00,"['aref', 'akira']",[]
498,6195521,6196295,6196294,5,50119.5,70478.6,119250.0,-1.0,albert,2013-07-26 20:53:22+00:00,"['aref', 'akira']",[]
499,6195521,6195656,6195657,5,46928.1,65238.4,118550.0,-1.0,albert,2013-07-26 20:52:19+00:00,"['aref', 'akira']",[]
500,6195521,6195655,6195656,5,47047.2,65278.9,118600.0,-1.0,albert,2013-07-26 20:52:19+00:00,"['aref', 'akira']",[]
501,6195521,6195654,6195655,5,47166.2,65319.5,118650.0,-1.0,albert,2013-07-26 20:52:19+00:00,"['aref', 'akira']",[]
502,6195521,6195659,6195669,5,46783.7,65215.6,118400.0,-1.0,albert,2013-07-26 20:52:19+00:00,"['aref', 'akira']",[]
503,6195521,6195658,6195659,5,46831.8,65223.2,118450.0,-1.0,albert,2013-07-26 20:52:19+00:00,"['aref', 'akira']",[]
504,6195521,6195657,6195658,5,46880.0,65230.8,118500.0,-1.0,albert,2013-07-26 20:52:19+00:00,"['aref', 'akira']",[]
505,6195521,6196297,6196295,5,50155.6,70573.6,119300.0,-1.0,albert,2013-07-26 20:53:23+00:00,"['aref', 'akira']",[]
506,6195521,6196298,6196297,5,50191.7,70668.6,119350.0,-1.0,albert,2013-07-26 20:53:23+00:00,"['aref', 'akira']",[]
507,6195521,6196299,6196298,5,50320.9,70942.2,119400.0,-1.0,albert,2013-07-26 20:53:24+00:00,"['aref', 'akira']",[]
508,6195521,6195669,6195717,5,46730.5,65192.8,118350.0,-1.0,albert,2013-07-26 20:52:19+00:00,"['aref', 'akira']",[]
509,6195521,6196300,6196299,5,50389.3,71147.4,119450.0,-1.0,albert,2013-07-26 20:53:25+00:00,"['aref', 'akira']",[]
510,6195521,6196301,6196300,5,50457.7,71352.6,119500.0,-1.0,albert,2013-07-26 20:53:25+00:00,"['aref', 'akira']",[]
511,6195521,6195676,6195612,5,49143.5,67545.0,118350.0,-1.0,albert,2013-07-26 20:49:13+00:00,"['aref', 'akira']",[]
512,6195521,6195678,6195676,5,49306.9,68039.0,118400.0,-1.0,albert,2013-07-26 20:49:15+00:00,"['aref', 'akira']",[]
513,6195521,6195680,6195678,5,49337.3,68244.2,118450.0,-1.0,albert,2013-07-26 20:49:16+00:00,"['aref', 'akira']",[]
514,6195521,6196341,6196301,5,50533.7,71554.0,119550.0,-1.0,albert,2013-07-26 20:53:39+00:00,"['aref', 'akira']",[]
515,6195521,6196344,6196341,5,50556.5,71683.2,119600.0,-1.0,albert,2013-07-26 20:53:39+00:00,"['aref', 'akira']",[]
516,6195521,6196345,6196344,5,50583.1,71711.7,119650.0,-1.0,albert,2013-07-26 20:53:43+00:00,"['aref', 'akira']",[]
517,6195521,6196346,6196345,5,50609.7,71740.2,119700.0,-1.0,albert,2013-07-26 20:53:43+00:00,"['aref', 'akira']",[]
518,6195521,6196347,6196346,5,50636.3,71768.7,119750.0,-1.0,albert,2013-07-26 20:53:43+00:00,"['aref', 'akira']",[]
519,6195521,6196348,6196347,5,50662.9,71797.2,119800.0,-1.0,albert,2013-07-26 20:53:43+00:00,"['aref', 'akira']",[]
520,6195521,6196349,6196348,5,50674.3,71846.6,119850.0,-1.0,albert,2013-07-26 20:53:44+00:00,"['aref', 'akira']",[]
521,6195521,6195719,6195806,5,46669.7,65211.8,118200.0,-1.0,albert,2013-07-26 20:52:19+00:00,"['aref', 'akira']",[]
522,6195521,6195718,6195719,5,46639.3,65195.3,118250.0,-1.0,albert,2013-07-26 20:52:19+00:00,"['aref', 'akira']",[]
523,6195521,6195717,6195718,5,46684.9,65194.1,118300.0,-1.0,albert,2013-07-26 20:52:19+00:00,"['aref', 'akira']",[]
524,6195521,6196363,6196349,5,50678.1,71877.0,119900.0,-1.0,albert,2013-07-26 20:53:45+00:00,"['aref', 'akira']",[]
525,6195521,6196364,6196363,5,50681.9,71907.4,119950.0,-1.0,albert,2013-07-26 20:53:45+00:00,"['aref', 'akira']",[]
526,6195521,6195721,6195719,5,47171.3,65637.4,118200.0,-1.0,albert,2013-07-26 20:49:40+00:00,"['aref', 'akira']",[]
527,6195521,6196365,6196364,5,50697.1,71991.0,120000.0,-1.0,albert,2013-07-26 20:53:46+00:00,"['aref', 'akira']",[]
528,6195521,6196366,6196365,5,50712.3,72074.6,120050.0,-1.0,albert,2013-07-26 20:53:46+00:00,"['aref', 'akira']",[]
529,6195521,6195724,6195721,5,46973.7,66272.0,118200.0,-1.0,albert,2013-07-26 20:49:41+00:00,"['aref', 'akira']",[]
530,6195521,6196367,6196366,5,50705.9,72113.9,120100.0,-1.0,albert,2013-07-26 20:53:47+00:00,"['aref', 'akira']",[]
531,6195521,6196368,6196367,5,50699.6,72153.1,120150.0,-1.0,albert,2013-07-26 20:53:47+00:00,"['aref', 'akira']",[]
532,6195521,6196369,6196368,5,50693.3,72192.4,120200.0,-1.0,albert,2013-07-26 20:53:47+00:00,"['aref', 'akira']",[]
533,6195521,6196372,6196369,5,50685.7,72308.9,120250.0,-1.0,albert,2013-07-26 20:53:49+00:00,"['aref', 'akira']",[]
534,6195521,6196373,6196372,5,50678.1,72425.5,120300.0,-1.0,albert,2013-07-26 20:53:49+00:00,"['aref', 'akira']",[]
535,6195521,6196374,6196373,5,50670.5,72542.0,120350.0,-1.0,albert,2013-07-26 20:53:49+00:00,"['aref', 'akira']",[]
536,6195521,6196383,6196374,5,50659.1,72682.6,120400.0,-1.0,albert,2013-07-26 20:53:51+00:00,"['aref', 'akira']",[]
537,6195521,6196384,6196383,5,50647.7,72823.2,120450.0,-1.0,albert,2013-07-26 20:53:51+00:00,"['aref', 'akira']",[]
538,6195521,6196391,6196384,5,50746.5,72800.4,120500.0,-1.0,albert,2013-07-26 20:53:52+00:00,"['aref', 'akira']",[]
539,6195521,6196392,6196391,5,50655.3,72884.0,120550.0,-1.0,albert,2013-07-26 20:53:53+00:00,"['aref', 'akira']",[]
540,6195521,6197263,6195525,5,49937.1,68172.0,117550.0,-1.0,albert,2013-07-26 21:07:33+00:00,"['aref', 'akira']",[]
541,6195521,6197265,6197263,5,50248.7,68711.6,117550.0,-1.0,albert,2013-07-26 21:07:35+00:00,"['aref', 'akira']",[]
542,6195521,6197268,6197265,5,50271.5,68871.2,117600.0,-1.0,albert,2013-07-26 21:07:36+00:00,"['aref', 'akira']",[]
543,6195521,6197269,6197268,5,50294.3,68947.2,117650.0,-1.0,albert,2013-07-26 21:07:37+00:00,"['aref', 'akira']",[]
544,6195521,6197273,6197271,5,50157.5,68673.6,117750.0,-1.0,albert,2013-07-26 21:07:40+00:00,"['aref', 'akira']",[]
545,6195521,6197275,6197273,5,50138.5,68738.2,117800.0,-1.0,albert,2013-07-26 21:07:41+00:00,"['aref', 'akira']",['ends']
546,6195521,6197271,6197269,5,50184.1,68723.0,117700.0,-1.0,albert,2013-07-26 21:07:45+00:00,"['aref', 'akira']",[]
547,6195521,6197314,6197265,5,50412.1,69239.8,117500.0,-1.0,albert,2013-07-26 21:08:02+00:00,"['aref', 'akira']",[]
548,6195521,6197319,6197314,5,50529.9,69597.0,117450.0,-1.0,albert,2013-07-26 21:08:04+00:00,"['aref', 'akira']",[]
549,6195521,6197323,6197319,5,50738.9,71603.4,117450.0,-1.0,albert,2013-07-26 21:08:06+00:00,"['aref', 'akira']",[]
550,6195521,6197328,6197323,5,50742.7,71723.7,117400.0,-1.0,albert,2013-07-26 21:08:10+00:00,"['aref', 'akira']",[]
551,6195521,6197329,6197328,5,50746.5,71844.1,117350.0,-1.0,albert,2013-07-26 21:08:10+00:00,"['aref', 'akira']",[]
552,6195521,6197330,6197329,5,50750.3,71964.4,117300.0,-1.0,albert,2013-07-26 21:08:10+00:00,"['aref', 'akira']",[]
553,6195521,6197336,6197323,5,50726.2,71676.9,117500.0,-1.0,albert,2013-07-26 21:08:15+00:00,"['aref', 'akira']",[]
554,6195521,6197337,6197336,5,50713.5,71750.3,117550.0,-1.0,albert,2013-07-26 21:08:15+00:00,"['aref', 'akira']",[]
555,6195521,6197338,6197337,5,50700.9,71823.8,117600.0,-1.0,albert,2013-07-26 21:08:15+00:00,"['aref', 'akira']",[]
556,6195521,6197343,6197338,5,50736.3,71909.9,117650.0,-1.0,albert,2013-07-26 21:08:19+00:00,"['aref', 'akira']",[]
557,6195521,6197344,6197343,5,50771.8,71996.1,117700.0,-1.0,albert,2013-07-26 21:08:19+00:00,"['aref', 'akira']",[]
558,6195521,6197345,6197344,5,50807.3,72082.2,117750.0,-1.0,albert,2013-07-26 21:08:19+00:00,"['aref', 'akira']",[]
559,6195521,6197346,6197345,5,50868.1,72082.2,117800.0,-1.0,albert,2013-07-26 21:08:20+00:00,"['aref', 'akira']",[]
560,6195521,6197347,6197346,5,50906.1,72101.2,117850.0,-1.0,albert,2013-07-26 21:08:20+00:00,"['aref', 'akira']",[]
561,6195521,6197348,6197347,5,50944.1,72135.4,117900.0,-1.0,albert,2013-07-26 21:08:21+00:00,"['aref', 'akira']",[]
562,6195521,6197349,6197348,5,51004.9,72181.0,117950.0,-1.0,albert,2013-07-26 21:08:22+00:00,"['aref', 'akira']",[]
563,6195521,6197350,6197349,5,51046.7,72344.4,118000.0,-1.0,albert,2013-07-26 21:08:23+00:00,"['aref', 'akira']",[]
564,6195521,6197353,6197350,5,51061.9,72397.6,118050.0,-1.0,albert,2013-07-26 21:08:24+00:00,"['aref', 'akira']",[]
565,6195521,6197355,6197353,5,51164.5,72401.4,118100.0,-1.0,albert,2013-07-26 21:08:26+00:00,"['aref', 'akira']",[]
566,6195521,6197357,6197355,5,51168.3,72397.6,118150.0,-1.0,albert,2013-07-26 21:08:26+00:00,"['aref', 'akira']",['ends']
567,6195521,6197448,6197330,5,50750.3,71987.2,117250.0,-1.0,albert,2013-07-26 21:09:06+00:00,"['aref', 'akira']",[]
568,6195521,6197449,6197448,5,50803.5,71975.8,117200.0,-1.0,albert,2013-07-26 21:09:01+00:00,"['aref', 'akira']",[]
569,6195521,6197450,6197449,5,50864.3,71911.2,117150.0,-1.0,albert,2013-07-26 21:09:01+00:00,"['aref', 'akira']",[]
570,6195521,6197451,6197450,5,50856.7,71713.6,117100.0,-1.0,albert,2013-07-26 21:09:02+00:00,"['aref', 'akira']",['ends']
571,6195521,6197456,6197448,5,50735.1,72652.2,117250.0,-1.0,albert,2013-07-26 21:09:06+00:00,"['aref', 'akira']",[]
572,6195521,6197458,6197456,5,50431.1,73366.6,117250.0,-1.0,albert,2013-07-26 21:09:08+00:00,"['aref', 'akira']",[]
573,6195521,6197460,6197458,5,50370.3,73480.6,117200.0,-1.0,albert,2013-07-26 21:09:09+00:00,"['aref', 'akira']",[]
574,6195521,6197461,6197460,5,50339.9,73549.0,117150.0,-1.0,albert,2013-07-26 21:09:09+00:00,"['aref', 'akira']",[]
575,6195521,6197462,6197461,5,50305.7,73579.4,117100.0,-1.0,albert,2013-07-26 21:09:10+00:00,"['aref', 'akira']",[]
576,6195521,6197463,6197462,5,50298.1,73583.2,117050.0,-1.0,albert,2013-07-26 21:09:11+00:00,"['aref', 'akira']",[]
577,6195521,6197466,6197463,5,50252.5,73598.4,117000.0,-1.0,albert,2013-07-26 21:09:12+00:00,"['aref', 'akira']",[]
578,6195521,6197467,6197466,5,50222.1,73621.2,116950.0,-1.0,albert,2013-07-26 21:09:12+00:00,"['aref', 'akira']",[]
579,6195521,6197469,6197467,5,50203.1,73663.0,116900.0,-1.0,albert,2013-07-26 21:09:13+00:00,"['aref', 'akira']",[]
580,6195521,6197470,6197469,5,50134.7,73739.0,116850.0,-1.0,albert,2013-07-26 21:09:14+00:00,"['aref', 'akira']",[]
581,6195521,6197471,6197470,5,50111.9,73799.8,116800.0,-1.0,albert,2013-07-26 21:09:14+00:00,"['aref', 'akira']",[]
582,6195521,6197472,6197471,5,50092.9,73917.6,116750.0,-1.0,albert,2013-07-26 21:09:15+00:00,"['aref', 'akira']",[]
583,6195521,6197474,6197472,5,50001.7,73993.6,116700.0,-1.0,albert,2013-07-26 21:09:16+00:00,"['aref', 'akira']",[]
584,6195521,6197475,6197474,5,49906.7,74081.0,116650.0,-1.0,albert,2013-07-26 21:09:17+00:00,"['aref', 'akira']",[]
585,6195521,6197476,6197475,5,49811.7,74168.4,116600.0,-1.0,albert,2013-07-26 21:09:17+00:00,"['aref', 'akira']",[]
586,6195521,6197478,6197476,5,49401.3,74601.6,116550.0,-1.0,albert,2013-07-26 21:09:19+00:00,"['aref', 'akira']",[]
587,6195521,6197482,6197478,5,49350.0,74573.1,116500.0,-1.0,albert,2013-07-26 21:09:20+00:00,"['aref', 'akira']",[]
588,6195521,6197483,6197482,5,49298.7,74544.6,116450.0,-1.0,albert,2013-07-26 21:09:20+00:00,"['aref', 'akira']",[]
589,6195521,6197487,6197483,5,49275.9,74590.2,116400.0,-1.0,albert,2013-07-26 21:09:22+00:00,"['aref', 'akira']",[]
590,6195521,6197492,6197487,5,49298.7,74742.2,116350.0,-1.0,albert,2013-07-26 21:12:30+00:00,"['aref', 'akira']",[]
591,6195521,6197494,6197492,5,49332.9,74742.2,116300.0,-1.0,albert,2013-07-26 21:11:54+00:00,"['aref', 'akira']",[]
592,6195521,6197502,6197494,5,49389.9,74624.4,116250.0,-1.0,albert,2013-07-26 21:09:43+00:00,"['aref', 'akira']",[]
593,6195521,6197542,6197502,5,49401.3,74575.0,116200.0,-1.0,albert,2013-07-26 21:09:52+00:00,"['aref', 'akira']",[]
594,6195521,6197544,6197542,5,49427.9,74514.2,116150.0,-1.0,albert,2013-07-26 21:09:53+00:00,"['aref', 'akira']",[]
595,6195521,6197546,6197544,5,49439.3,74392.6,116100.0,-1.0,albert,2013-07-26 21:09:54+00:00,"['aref', 'akira']",[]
596,6195521,6197547,6197546,5,49382.3,74328.0,116050.0,-1.0,albert,2013-07-26 21:09:55+00:00,"['aref', 'akira']",[]
597,6195521,6197548,6197547,5,49408.9,74225.4,116000.0,-1.0,albert,2013-07-26 21:09:56+00:00,"['aref', 'akira']",[]
598,6195521,6197549,6197548,5,49420.3,74122.8,115950.0,-1.0,albert,2013-07-26 21:09:56+00:00,"['aref', 'akira']",[]
599,6195521,6197550,6197549,5,49412.7,74084.8,115900.0,-1.0,albert,2013-07-26 21:09:57+00:00,"['aref', 'akira']",[]
600,6195521,6197559,6197550,5,49401.3,74043.0,115850.0,-1.0,albert,2013-07-26 21:09:59+00:00,"['aref', 'akira']",[]
601,6195521,6197560,6197559,5,49344.3,74046.8,115800.0,-1.0,albert,2013-07-26 21:10:00+00:00,"['aref', 'akira']",[]
602,6195521,6197561,6197560,5,49340.5,74058.2,115750.0,-1.0,albert,2013-07-26 21:10:01+00:00,"['aref', 'akira']",[]
603,6195521,6197562,6197561,5,49329.1,74035.4,115700.0,-1.0,albert,2013-07-26 21:10:04+00:00,"['aref', 'akira']",[]
604,6195521,6197572,6197562,5,49325.3,74008.8,115650.0,-1.0,albert,2013-07-26 21:10:04+00:00,"['aref', 'akira']",[]
605,6195521,6197573,6197572,5,49321.5,73974.6,115600.0,-1.0,albert,2013-07-26 21:10:06+00:00,"['aref', 'akira']",[]
606,6195521,6197574,6197573,5,49317.7,73959.4,115550.0,-1.0,albert,2013-07-26 21:10:07+00:00,"['aref', 'akira']",[]
607,6195521,6197575,6197574,5,49302.5,73955.6,115500.0,-1.0,albert,2013-07-26 21:10:08+00:00,"['aref', 'akira']",[]
608,6195521,6197579,6197575,5,49291.1,73989.8,115450.0,-1.0,albert,2013-07-26 21:10:09+00:00,"['aref', 'akira']",['ends']
609,6195521,6197595,6197478,5,48738.2,75509.8,116600.0,-1.0,albert,2013-07-26 21:11:42+00:00,"['aref', 'akira']",[]
610,6195521,6197596,6197595,5,48673.6,75532.6,116650.0,-1.0,albert,2013-07-26 21:10:28+00:00,"['aref', 'akira']",[]
611,6195521,6197597,6197596,5,48602.6,75578.2,116700.0,-1.0,albert,2013-07-26 21:10:29+00:00,"['aref', 'akira']",[]
612,6195521,6197598,6197597,5,48531.7,75623.8,116750.0,-1.0,albert,2013-07-26 21:10:29+00:00,"['aref', 'akira']",[]
613,6195521,6197599,6197598,5,48460.8,75669.4,116800.0,-1.0,albert,2013-07-26 21:10:29+00:00,"['aref', 'akira']",[]
614,6195521,6197600,6197599,5,48338.5,75641.5,116850.0,-1.0,albert,2013-07-26 21:10:31+00:00,"['aref', 'akira']",[]
615,6195521,6197601,6197600,5,48216.3,75613.7,116900.0,-1.0,albert,2013-07-26 21:10:31+00:00,"['aref', 'akira']",[]
616,6195521,6197603,6197602,5,47971.8,75557.9,117000.0,-1.0,albert,2013-07-26 21:10:31+00:00,"['aref', 'akira']",[]
617,6195521,6197604,6197603,5,47849.6,75530.1,117050.0,-1.0,albert,2013-07-26 21:10:31+00:00,"['aref', 'akira']",[]
618,6195521,6197605,6197604,5,47727.4,75502.2,117100.0,-1.0,albert,2013-07-26 21:10:31+00:00,"['aref', 'akira']",[]
619,6195521,6197606,6197605,5,47704.6,75464.2,117150.0,-1.0,albert,2013-07-26 21:10:33+00:00,"['aref', 'akira']",[]
620,6195521,6197607,6197606,5,47735.0,75456.6,117200.0,-1.0,albert,2013-07-26 21:13:17+00:00,"['aref', 'akira']",[]
621,6195521,6197615,6197607,5,47761.6,75506.0,117250.0,-1.0,albert,2013-07-26 21:10:34+00:00,"['aref', 'akira']",[]
622,6195521,6197616,6197615,5,47755.9,75574.4,117300.0,-1.0,albert,2013-07-26 21:10:35+00:00,"['aref', 'akira']",[]
623,6195521,6197617,6197616,5,47750.2,75642.8,117350.0,-1.0,albert,2013-07-26 21:10:35+00:00,"['aref', 'akira']",[]
624,6195521,6197722,6197602,5,47419.6,75289.4,116950.0,-1.0,albert,2013-07-26 21:11:10+00:00,"['aref', 'akira']",[]
625,6195521,6197602,6197601,5,48097.9,75589.6,116950.0,-1.0,albert,2013-07-26 21:11:10+00:00,"['aref', 'akira']",[]
626,6195521,6197725,6197722,5,47343.6,75300.8,116900.0,-1.0,albert,2013-07-26 21:11:11+00:00,"['aref', 'akira']",[]
627,6195521,6197727,6197725,5,47066.2,75388.2,116850.0,-1.0,albert,2013-07-26 21:11:12+00:00,"['aref', 'akira']",[]
628,6195521,6197728,6197727,5,47020.6,75449.0,116800.0,-1.0,albert,2013-07-26 21:11:13+00:00,"['aref', 'akira']",[]
629,6195521,6197729,6197728,5,46838.2,75373.0,116750.0,-1.0,albert,2013-07-26 21:11:14+00:00,"['aref', 'akira']",[]
630,6195521,6197733,6197725,5,47442.4,74875.2,116900.0,-1.0,albert,2013-07-26 21:11:17+00:00,"['aref', 'akira']",[]
631,6195521,6197758,6197733,5,47451.9,74841.0,116850.0,-1.0,albert,2013-07-26 21:11:31+00:00,"['aref', 'akira']",[]
632,6195521,6197759,6197758,5,47461.4,74806.8,116800.0,-1.0,albert,2013-07-26 21:11:31+00:00,"['aref', 'akira']",[]
633,6195521,6197760,6197759,5,47457.6,74708.0,116750.0,-1.0,albert,2013-07-26 21:11:32+00:00,"['aref', 'akira']",[]
634,6195521,6197761,6197760,5,47453.8,74609.2,116700.0,-1.0,albert,2013-07-26 21:11:32+00:00,"['aref', 'akira']",[]
635,6195521,6197765,6197761,5,47431.0,74556.0,116650.0,-1.0,albert,2013-07-26 21:11:33+00:00,"['aref', 'akira']",[]
636,6195521,6197767,6197765,5,47415.8,74502.8,116600.0,-1.0,albert,2013-07-26 21:11:34+00:00,"['aref', 'akira']",[]
637,6195521,6197768,6197767,5,47431.0,74457.2,116550.0,-1.0,albert,2013-07-26 21:11:34+00:00,"['aref', 'akira']",[]
638,6195521,6197769,6197768,5,47457.6,74423.0,116500.0,-1.0,albert,2013-07-26 21:11:35+00:00,"['aref', 'akira']",[]
639,6195521,6197770,6197769,5,47507.0,74350.8,116450.0,-1.0,albert,2013-07-26 21:11:36+00:00,"['aref', 'akira']",[]
640,6195521,6197777,6197595,5,48672.3,75602.3,116550.0,-1.0,albert,2013-07-26 21:11:44+00:00,"['aref', 'akira']",[]
641,6195521,6197778,6197777,5,48606.4,75694.7,116500.0,-1.0,albert,2013-07-26 21:11:44+00:00,[],[]
642,6195521,6197779,6197778,5,48540.6,75787.2,116450.0,-1.0,albert,2013-07-26 21:11:44+00:00,"['aref', 'akira']",[]
643,6195521,6197780,6197779,5,48555.8,76304.0,116400.0,-1.0,albert,2013-07-26 21:11:45+00:00,"['aref', 'akira']",[]
644,6195521,6197781,6197780,5,48555.8,76646.0,116350.0,-1.0,albert,2013-07-26 21:11:46+00:00,"['aref', 'akira']",[]
645,6195521,6197792,6197781,5,48647.0,76585.2,116300.0,-1.0,albert,2013-07-26 21:11:57+00:00,"['aref', 'akira']",[]
646,6195521,6197793,6197792,5,48662.2,76630.8,116250.0,-1.0,albert,2013-07-26 21:11:58+00:00,"['aref', 'akira']",[]
647,6195521,6197796,6197793,5,48681.2,76560.5,116200.0,-1.0,albert,2013-07-26 21:12:00+00:00,"['aref', 'akira']",[]
648,6195521,6197797,6197796,5,48700.2,76490.2,116150.0,-1.0,albert,2013-07-26 21:12:00+00:00,"['aref', 'akira']",[]
649,6195521,6197853,6197797,5,48909.2,75943.0,116150.0,-1.0,albert,2013-07-26 21:12:12+00:00,"['aref', 'akira']",[]
650,6195521,6197855,6197853,5,48897.8,75916.4,116100.0,-1.0,albert,2013-07-26 21:12:12+00:00,"['aref', 'akira']",[]
651,6195521,6197858,6197855,5,48913.0,75848.0,116050.0,-1.0,albert,2013-07-26 21:12:13+00:00,"['aref', 'akira']",[]
652,6195521,6197860,6197858,5,48913.0,75840.4,116000.0,-1.0,albert,2013-07-26 21:12:14+00:00,"['aref', 'akira']",[]
653,6195521,6197862,6197860,5,48886.4,75836.6,115950.0,-1.0,albert,2013-07-26 21:12:15+00:00,"['aref', 'akira']",[]
654,6195521,6197864,6197862,5,48837.0,75832.8,115900.0,-1.0,albert,2013-07-26 21:12:15+00:00,"['aref', 'akira']",[]
655,6195521,6197866,6197864,5,48894.0,75821.4,115850.0,-1.0,albert,2013-07-26 21:12:16+00:00,"['aref', 'akira']",[]
656,6195521,6197867,6197866,5,48894.0,75821.4,115800.0,-1.0,albert,2013-07-26 21:12:17+00:00,"['aref', 'akira']",[]
657,6195521,6197868,6197867,5,48932.0,75783.4,115750.0,-1.0,albert,2013-07-26 21:12:18+00:00,"['aref', 'akira']",[]
658,6195521,6197869,6197868,5,48966.2,75718.8,115700.0,-1.0,albert,2013-07-26 21:12:19+00:00,"['aref', 'akira']",['ends']
659,6195521,6197876,6197492,5,49304.4,75175.4,116300.0,-1.0,albert,2013-07-26 21:12:31+00:00,"['aref', 'akira']",[]
660,6195521,6197879,6197876,5,49323.4,75198.2,116250.0,-1.0,albert,2013-07-26 21:12:33+00:00,"['aref', 'akira']",[]
661,6195521,6197880,6197879,5,49342.4,75221.0,116200.0,-1.0,albert,2013-07-26 21:12:33+00:00,"['aref', 'akira']",[]
662,6195521,6197881,6197880,5,49361.4,75243.8,116150.0,-1.0,albert,2013-07-26 21:12:33+00:00,"['aref', 'akira']",[]
663,6195521,6197882,6197881,5,49380.4,75266.6,116100.0,-1.0,albert,2013-07-26 21:12:33+00:00,"['aref', 'akira']",[]
664,6195521,6197884,6197882,5,49467.8,75333.1,116050.0,-1.0,albert,2013-07-26 21:12:34+00:00,"['aref', 'akira']",[]
665,6195521,6197896,6197885,5,49380.4,75114.6,115950.0,-1.0,albert,2013-07-26 21:12:37+00:00,"['aref', 'akira']",[]
666,6195521,6197897,6197896,5,49331.0,75103.2,115900.0,-1.0,albert,2013-07-26 21:12:37+00:00,"['aref', 'akira']",[]
667,6195521,6197905,6197897,5,49308.2,75088.0,115850.0,-1.0,albert,2013-07-26 21:12:38+00:00,"['aref', 'akira']",['ends']
668,6195521,6197885,6197884,5,49486.8,75312.2,116000.0,-1.0,albert,2013-07-26 21:12:42+00:00,"['aref', 'akira']",[]
669,6195521,6197911,6197885,5,49794.6,75582.0,116050.0,-1.0,albert,2013-07-26 21:12:43+00:00,"['aref', 'akira']",[]
670,6195521,6197914,6197911,5,49927.6,75635.2,116000.0,-1.0,albert,2013-07-26 21:12:46+00:00,"['aref', 'akira']",[]
671,6195521,6197915,6197914,5,49958.0,75665.6,115950.0,-1.0,albert,2013-07-26 21:12:46+00:00,"['aref', 'akira']",['ends']
672,6195521,6197920,6197779,5,48027.6,75840.4,116450.0,-1.0,albert,2013-07-26 21:12:54+00:00,"['aref', 'akira']",[]
673,6195521,6197922,6197920,5,47814.8,76190.0,116500.0,-1.0,albert,2013-07-26 21:12:56+00:00,"['aref', 'akira']",[]
674,6195521,6197924,6197922,5,47507.0,76399.0,116550.0,-1.0,albert,2013-07-26 21:12:57+00:00,"['aref', 'akira']",['ends']
675,6195521,6198026,6197606,5,47252.4,74920.8,117150.0,-1.0,albert,2013-07-26 21:13:36+00:00,"['aref', 'akira']",[]
676,6195521,6198028,6198026,5,47184.0,74913.2,117200.0,-1.0,albert,2013-07-26 21:13:38+00:00,"['aref', 'akira']",[]
677,6195521,6198029,6198028,5,47173.2,74909.4,117250.0,-1.0,albert,2013-07-26 21:13:39+00:00,"['aref', 'akira']",['ends']
678,6195521,14573119,14573120,5,47752.7,75481.3,117400.0,-1.0,aref,2014-08-01 00:47:19+00:00,"['aref', 'akira']",[]
679,6195521,14573120,6197617,5,47786.9,75473.7,117350.0,-1.0,aref,2014-08-01 00:47:19+00:00,"['aref', 'akira']",[]
680,6195521,14573140,14573119,5,47819.2,75601.0,117450.0,-1.0,aref,2014-08-01 00:49:46+00:00,"['aref', 'akira']",[]
681,6195521,14573141,14573140,5,47773.6,75585.8,117500.0,-1.0,aref,2014-08-01 00:49:48+00:00,"['aref', 'akira']",[]
682,6195521,14573142,14573141,5,47758.4,75593.4,117550.0,-1.0,aref,2014-08-01 00:49:49+00:00,"['aref', 'akira']",['ends']
683,6195521,14782191,14782190,5,49489.3,76520.6,127150.0,-1.0,aref,2015-04-16 22:48:51+00:00,"['aref', 'akira']",[]
684,6195521,14783759,14783672,5,47317.6,65584.2,118050.0,-1.0,aref,2015-04-16 23:06:52+00:00,"['aref', 'akira']",[]
685,6195521,19555273,6195724,5,46931.3,66458.2,118250.0,-1.0,akira,2015-04-16 23:08:00+00:00,['akira'],[]
686,6195521,19555275,19555273,5,46942.7,66526.6,118300.0,-1.0,akira,2015-04-16 23:08:01+00:00,['akira'],['ends']
687,6195521,19555279,13804622,5,46783.7,75074.7,121500.0,-1.0,akira,2015-04-16 23:08:11+00:00,['akira'],[]
688,6195521,19555280,19555279,5,46747.6,75082.3,121450.0,-1.0,akira,2015-04-16 23:08:12+00:00,['akira'],[]
689,6195521,19555281,19555280,5,46711.5,75089.9,121400.0,-1.0,akira,2015-04-16 23:08:12+00:00,['akira'],[]
690,6195521,19555282,19555281,5,46677.3,75088.0,121350.0,-1.0,akira,2015-04-16 23:08:13+00:00,['akira'],[]
691,6195521,19555283,19555282,5,46643.1,75086.1,121300.0,-1.0,akira,2015-04-16 23:08:13+00:00,['akira'],['ends']
692,6195521,19555469,13804567,5,46949.0,76801.8,122500.0,-1.0,akira,2015-04-16 23:22:14+00:00,['akira'],[]
693,6195521,19555470,19555469,5,46873.0,76896.8,122450.0,-1.0,akira,2015-04-16 23:22:15+00:00,['akira'],['ends']
694,6195521,13776405,13804533,5,47387.9,75614.3,122550.0,-1.0,aref,2015-04-16 23:08:57+00:00,"['aref', 'akira']",[]
695,6195521,14785538,6197729,5,46629.2,75430.0,116700.0,-1.0,aref,2015-04-16 23:12:15+00:00,"['aref', 'akira']",[]
696,6195521,19555404,6197779,5,48322.1,76478.8,116450.0,-1.0,akira,2015-04-16 23:16:51+00:00,['akira'],[]
697,6195521,19555405,19555404,5,48327.8,76602.3,116500.0,-1.0,akira,2015-04-16 23:16:52+00:00,['akira'],[]
698,6195521,19555406,19555405,5,48333.5,76725.8,116550.0,-1.0,akira,2015-04-16 23:16:52+00:00,['akira'],[]
699,6195521,19555407,19555406,5,48299.3,76801.8,116600.0,-1.0,akira,2015-04-16 23:16:53+00:00,['akira'],['ends']
700,6195521,19555413,6197338,5,50756.0,71067.6,117600.0,-1.0,akira,2015-04-16 23:17:28+00:00,['akira'],[]
701,6195521,19555414,19555413,5,50767.4,71041.0,117650.0,-1.0,akira,2015-04-16 23:17:28+00:00,['akira'],[]
702,6195521,19555415,19555414,5,50761.7,71050.5,117700.0,-1.0,akira,2015-04-16 23:17:29+00:00,['akira'],[]
703,6195521,19555416,19555415,5,50756.0,71060.0,117750.0,-1.0,akira,2015-04-16 23:17:29+00:00,['akira'],['ends']
704,6195521,17656990,17656995,5,50684.4,70130.9,117400.0,-1.0,akira,2014-11-28 15:34:38+00:00,['akira'],['ends']
705,6195521,17656995,6197328,5,50669.2,70868.1,117400.0,-1.0,akira,2014-11-28 15:34:39+00:00,['akira'],[]
706,6195521,17935860,25272357,5,50420.3,68907.3,117400.0,-1.0,akira,2018-06-26 20:14:04+00:00,[],[]
707,6195521,17936171,13804300,5,49002.9,74850.5,123450.0,-1.0,akira,2015-04-16 22:57:46+00:00,[],['ends']
708,6195521,13804453,6196689,5,49365.8,74592.1,122900.0,-1.0,aref,2014-12-08 14:46:30+00:00,"['aref', 'akira']",[]
709,6195521,17186989,6197595,5,48295.9,75701.5,116600.0,-1.0,akira,2015-03-05 01:45:25+00:00,['akira'],['ends']
710,6195521,25272357,17656990,5,50579.6,69421.9,117400.0,-1.0,avinash,2018-06-26 20:14:02+00:00,[],[]
